system:index,area,class_id,territory,year,.geo
0_0_0,51.39889921264649,0,1,2000,"{""type"":""MultiPoint"",""coordinates"":[]}"
0_0_1,1.1064806939176926E7,3,1,2000,"{""type"":""MultiPoint"",""coordinates"":[]}"
0_0_2,3.387507805528493E7,4,1,2000,"{""type"":""MultiPoint"",""coordinates"":[]}"
0_0_3,64994.38494202868,5,1,2000,"{""type"":""MultiPoint"",""coordinates"":[]}"
0_0_4,26171.113738965516,9,1,2000,"{""type"":""MultiPoint"",""coordinates"":[]}"
0_0_5,2017932.0191508227,11,1,2000,"{""type"":""MultiPoint"",""coordinates"":[]}"
0_0_6,6534722.145338838,12,1,2000,"{""type"":""MultiPoint"",""coordinates"":[]}"
0_0_7,5209333.756923173,15,1,2000,"{""type"":""MultiPoint"",""coordinates"":[]}"
0_0_8,12698.801115789607,20,1,2000,"{""type"":""MultiPoint"",""coordinates"":[]}"
0_0_9,1937676.23621583,21,1,2000,"{""type"":""MultiPoint"",""coordinates"":[]}"
0_0_10,102577.42441073564,23,1,2000,"{""type"":""MultiPoint"",""coordinates"":[]}"
0_0_11,79902.58764854135,24,1,2000,"{""type"":""MultiPoint"",""coordinates"":[]}"
0_0_12,215463.3380496273,25,1,2000,"{""type"":""MultiPoint"",""coordinates"":[]}"
0_0_13,18263.325481793014,29,1,2000,"{""type"":""MultiPoint"",""coordinates"":[]}"
0_0_14,859.1165107666006,30,1,2000,"{""type"":""MultiPoint"",""coordinates"":[]}"
0_0_15,4.8218994445800805,31,1,2000,"{""type"":""MultiPoint"",""coordinates"":[]}"
0_0_16,8260.588681756624,32,1,2000,"{""type"":""MultiPoint"",""coordinates"":[]}"
0_0_17,330532.25808155636,33,1,2000,"{""type"":""MultiPoint"",""coordinates"":[]}"
0_0_18,1014754.1148521472,39,1,2000,"{""type"":""MultiPoint"",""coordinates"":[]}"
0_0_19,29632.253319733365,40,1,2000,"{""type"":""MultiPoint"",""coordinates"":[]}"
0_0_20,437671.9321950216,41,1,2000,"{""type"":""MultiPoint"",""coordinates"":[]}"
0_0_21,16700.081961804244,46,1,2000,"{""type"":""MultiPoint"",""coordinates"":[]}"
0_0_22,2465.0893371276898,48,1,2000,"{""type"":""MultiPoint"",""coordinates"":[]}"
0_0_23,119.8956025024414,62,1,2000,"{""type"":""MultiPoint"",""coordinates"":[]}"
1_0_0,53.18534588623045,0,1,2001,"{""type"":""MultiPoint"",""coordinates"":[]}"
1_0_1,1.103564745630008E7,3,1,2001,"{""type"":""MultiPoint"",""coordinates"":[]}"
1_0_2,3.361645614980586E7,4,1,2001,"{""type"":""MultiPoint"",""coordinates"":[]}"
1_0_3,64831.48061306732,5,1,2001,"{""type"":""MultiPoint"",""coordinates"":[]}"
1_0_4,26719.14036344655,9,1,2001,"{""type"":""MultiPoint"",""coordinates"":[]}"
1_0_5,2028780.8888621405,11,1,2001,"{""type"":""MultiPoint"",""coordinates"":[]}"
1_0_6,6481238.632242096,12,1,2001,"{""type"":""MultiPoint"",""coordinates"":[]}"
1_0_7,5385909.393267384,15,1,2001,"{""type"":""MultiPoint"",""coordinates"":[]}"
1_0_8,10200.95788313584,20,1,2001,"{""type"":""MultiPoint"",""coordinates"":[]}"
1_0_9,1912337.7549500845,21,1,2001,"{""type"":""MultiPoint"",""coordinates"":[]}"
1_0_10,103854.83799792569,23,1,2001,"{""type"":""MultiPoint"",""coordinates"":[]}"
1_0_11,81582.18235366233,24,1,2001,"{""type"":""MultiPoint"",""coordinates"":[]}"
1_0_12,218464.27012546302,25,1,2001,"{""type"":""MultiPoint"",""coordinates"":[]}"
1_0_13,18262.88160222148,29,1,2001,"{""type"":""MultiPoint"",""coordinates"":[]}"
1_0_14,901.8732911743173,30,1,2001,"{""type"":""MultiPoint"",""coordinates"":[]}"
1_0_15,25.53759312744142,31,1,2001,"{""type"":""MultiPoint"",""coordinates"":[]}"
1_0_16,8336.581856683375,32,1,2001,"{""type"":""MultiPoint"",""coordinates"":[]}"
1_0_17,321317.6035681394,33,1,2001,"{""type"":""MultiPoint"",""coordinates"":[]}"
1_0_18,1130796.048697314,39,1,2001,"{""type"":""MultiPoint"",""coordinates"":[]}"
1_0_19,20125.757550823917,40,1,2001,"{""type"":""MultiPoint"",""coordinates"":[]}"
1_0_20,510673.9193057209,41,1,2001,"{""type"":""MultiPoint"",""coordinates"":[]}"
1_0_21,17142.619169207836,46,1,2001,"{""type"":""MultiPoint"",""coordinates"":[]}"
1_0_22,3470.4531046692196,48,1,2001,"{""type"":""MultiPoint"",""coordinates"":[]}"
1_0_23,3542.0729691894576,62,1,2001,"{""type"":""MultiPoint"",""coordinates"":[]}"
2_0_0,32.282375811767594,0,1,2002,"{""type"":""MultiPoint"",""coordinates"":[]}"
2_0_1,1.1014276615546193E7,3,1,2002,"{""type"":""MultiPoint"",""coordinates"":[]}"
2_0_2,3.3305114850880288E7,4,1,2002,"{""type"":""MultiPoint"",""coordinates"":[]}"
2_0_3,64628.305380449776,5,1,2002,"{""type"":""MultiPoint"",""coordinates"":[]}"
2_0_4,27245.41542190585,9,1,2002,"{""type"":""MultiPoint"",""coordinates"":[]}"
2_0_5,2026523.9618779072,11,1,2002,"{""type"":""MultiPoint"",""coordinates"":[]}"
2_0_6,6456002.282839773,12,1,2002,"{""type"":""MultiPoint"",""coordinates"":[]}"
2_0_7,5636859.830318513,15,1,2002,"{""type"":""MultiPoint"",""coordinates"":[]}"
2_0_8,6685.425622576857,20,1,2002,"{""type"":""MultiPoint"",""coordinates"":[]}"
2_0_9,1866972.672934367,21,1,2002,"{""type"":""MultiPoint"",""coordinates"":[]}"
2_0_10,105454.57516503744,23,1,2002,"{""type"":""MultiPoint"",""coordinates"":[]}"
2_0_11,84011.6105990358,24,1,2002,"{""type"":""MultiPoint"",""coordinates"":[]}"
2_0_12,230827.94066128993,25,1,2002,"{""type"":""MultiPoint"",""coordinates"":[]}"
2_0_13,18262.95778233623,29,1,2002,"{""type"":""MultiPoint"",""coordinates"":[]}"
2_0_14,931.9492758850122,30,1,2002,"{""type"":""MultiPoint"",""coordinates"":[]}"
2_0_15,23.394513427734378,31,1,2002,"{""type"":""MultiPoint"",""coordinates"":[]}"
2_0_16,8292.642447772225,32,1,2002,"{""type"":""MultiPoint"",""coordinates"":[]}"
2_0_17,377180.06170118455,33,1,2002,"{""type"":""MultiPoint"",""coordinates"":[]}"
2_0_18,1338831.869631346,39,1,2002,"{""type"":""MultiPoint"",""coordinates"":[]}"
2_0_19,6311.909641168194,40,1,2002,"{""type"":""MultiPoint"",""coordinates"":[]}"
2_0_20,390323.9924970709,41,1,2002,"{""type"":""MultiPoint"",""coordinates"":[]}"
2_0_21,17349.701681225564,46,1,2002,"{""type"":""MultiPoint"",""coordinates"":[]}"
2_0_22,3435.3942748779514,48,1,2002,"{""type"":""MultiPoint"",""coordinates"":[]}"
2_0_23,15092.035749060187,62,1,2002,"{""type"":""MultiPoint"",""coordinates"":[]}"
3_0_0,33.70973829345704,0,1,2003,"{""type"":""MultiPoint"",""coordinates"":[]}"
3_0_1,1.0974431560400274E7,3,1,2003,"{""type"":""MultiPoint"",""coordinates"":[]}"
3_0_2,3.3057206550154295E7,4,1,2003,"{""type"":""MultiPoint"",""coordinates"":[]}"
3_0_3,64812.71782268031,5,1,2003,"{""type"":""MultiPoint"",""coordinates"":[]}"
3_0_4,24930.834434088254,9,1,2003,"{""type"":""MultiPoint"",""coordinates"":[]}"
3_0_5,2017256.3302179517,11,1,2003,"{""type"":""MultiPoint"",""coordinates"":[]}"
3_0_6,6434616.537039416,12,1,2003,"{""type"":""MultiPoint"",""coordinates"":[]}"
3_0_7,5884754.751051815,15,1,2003,"{""type"":""MultiPoint"",""coordinates"":[]}"
3_0_8,6150.506976300191,20,1,2003,"{""type"":""MultiPoint"",""coordinates"":[]}"
3_0_9,1857334.6997465938,21,1,2003,"{""type"":""MultiPoint"",""coordinates"":[]}"
3_0_10,105928.24550928631,23,1,2003,"{""type"":""MultiPoint"",""coordinates"":[]}"
3_0_11,85768.3970807496,24,1,2003,"{""type"":""MultiPoint"",""coordinates"":[]}"
3_0_12,236127.75638818202,25,1,2003,"{""type"":""MultiPoint"",""coordinates"":[]}"
3_0_13,18260.782687011528,29,1,2003,"{""type"":""MultiPoint"",""coordinates"":[]}"
3_0_14,956.1820383850144,30,1,2003,"{""type"":""MultiPoint"",""coordinates"":[]}"
3_0_15,17.32268856201172,31,1,2003,"{""type"":""MultiPoint"",""coordinates"":[]}"
3_0_16,8203.426613409443,32,1,2003,"{""type"":""MultiPoint"",""coordinates"":[]}"
3_0_17,380695.7208616792,33,1,2003,"{""type"":""MultiPoint"",""coordinates"":[]}"
3_0_18,1394996.8989567575,39,1,2003,"{""type"":""MultiPoint"",""coordinates"":[]}"
3_0_19,6472.702201885938,40,1,2003,"{""type"":""MultiPoint"",""coordinates"":[]}"
3_0_20,409631.44855424226,41,1,2003,"{""type"":""MultiPoint"",""coordinates"":[]}"
3_0_21,14464.106479016113,46,1,2003,"{""type"":""MultiPoint"",""coordinates"":[]}"
3_0_22,3243.633321716325,48,1,2003,"{""type"":""MultiPoint"",""coordinates"":[]}"
3_0_23,14376.857856146067,62,1,2003,"{""type"":""MultiPoint"",""coordinates"":[]}"
4_0_0,36.21065233764649,0,1,2004,"{""type"":""MultiPoint"",""coordinates"":[]}"
4_0_1,1.0907678152098788E7,3,1,2004,"{""type"":""MultiPoint"",""coordinates"":[]}"
4_0_2,3.262271459586986E7,4,1,2004,"{""type"":""MultiPoint"",""coordinates"":[]}"
4_0_3,65300.850631121546,5,1,2004,"{""type"":""MultiPoint"",""coordinates"":[]}"
4_0_4,21448.736018896478,9,1,2004,"{""type"":""MultiPoint"",""coordinates"":[]}"
4_0_5,2016940.460551504,11,1,2004,"{""type"":""MultiPoint"",""coordinates"":[]}"
4_0_6,6333046.74580803,12,1,2004,"{""type"":""MultiPoint"",""coordinates"":[]}"
4_0_7,6127832.027570789,15,1,2004,"{""type"":""MultiPoint"",""coordinates"":[]}"
4_0_8,7186.155825567386,20,1,2004,"{""type"":""MultiPoint"",""coordinates"":[]}"
4_0_9,1807551.3232446462,21,1,2004,"{""type"":""MultiPoint"",""coordinates"":[]}"
4_0_10,105542.9383085068,23,1,2004,"{""type"":""MultiPoint"",""coordinates"":[]}"
4_0_11,87462.64024324974,24,1,2004,"{""type"":""MultiPoint"",""coordinates"":[]}"
4_0_12,231409.36242103734,25,1,2004,"{""type"":""MultiPoint"",""coordinates"":[]}"
4_0_13,18269.15343080426,29,1,2004,"{""type"":""MultiPoint"",""coordinates"":[]}"
4_0_14,1010.35871657105,30,1,2004,"{""type"":""MultiPoint"",""coordinates"":[]}"
4_0_15,40.359952703857296,31,1,2004,"{""type"":""MultiPoint"",""coordinates"":[]}"
4_0_16,8134.573493792754,32,1,2004,"{""type"":""MultiPoint"",""coordinates"":[]}"
4_0_17,383592.6573548861,33,1,2004,"{""type"":""MultiPoint"",""coordinates"":[]}"
4_0_18,1698605.482115496,39,1,2004,"{""type"":""MultiPoint"",""coordinates"":[]}"
4_0_19,15180.731200396773,40,1,2004,"{""type"":""MultiPoint"",""coordinates"":[]}"
4_0_20,505722.9238756626,41,1,2004,"{""type"":""MultiPoint"",""coordinates"":[]}"
4_0_21,13739.11925505979,46,1,2004,"{""type"":""MultiPoint"",""coordinates"":[]}"
4_0_22,4917.413708416728,48,1,2004,"{""type"":""MultiPoint"",""coordinates"":[]}"
4_0_23,17308.706470703004,62,1,2004,"{""type"":""MultiPoint"",""coordinates"":[]}"
5_0_0,35.32282549438477,0,1,2005,"{""type"":""MultiPoint"",""coordinates"":[]}"
5_0_1,1.0804228382415624E7,3,1,2005,"{""type"":""MultiPoint"",""coordinates"":[]}"
5_0_2,3.2324607256022613E7,4,1,2005,"{""type"":""MultiPoint"",""coordinates"":[]}"
5_0_3,65605.4342931579,5,1,2005,"{""type"":""MultiPoint"",""coordinates"":[]}"
5_0_4,23784.337544879116,9,1,2005,"{""type"":""MultiPoint"",""coordinates"":[]}"
5_0_5,2017696.1696538124,11,1,2005,"{""type"":""MultiPoint"",""coordinates"":[]}"
5_0_6,6279668.094069141,12,1,2005,"{""type"":""MultiPoint"",""coordinates"":[]}"
5_0_7,6406148.571728866,15,1,2005,"{""type"":""MultiPoint"",""coordinates"":[]}"
5_0_8,9513.254194286976,20,1,2005,"{""type"":""MultiPoint"",""coordinates"":[]}"
5_0_9,1744217.5646813158,21,1,2005,"{""type"":""MultiPoint"",""coordinates"":[]}"
5_0_10,106070.19897989366,23,1,2005,"{""type"":""MultiPoint"",""coordinates"":[]}"
5_0_11,88998.08656214639,24,1,2005,"{""type"":""MultiPoint"",""coordinates"":[]}"
5_0_12,230577.6049068714,25,1,2005,"{""type"":""MultiPoint"",""coordinates"":[]}"
5_0_13,18276.426757183657,29,1,2005,"{""type"":""MultiPoint"",""coordinates"":[]}"
5_0_14,1046.8376208618217,30,1,2005,"{""type"":""MultiPoint"",""coordinates"":[]}"
5_0_15,35.448875286865196,31,1,2005,"{""type"":""MultiPoint"",""coordinates"":[]}"
5_0_16,8158.240456030298,32,1,2005,"{""type"":""MultiPoint"",""coordinates"":[]}"
5_0_17,379321.1682537991,33,1,2005,"{""type"":""MultiPoint"",""coordinates"":[]}"
5_0_18,1943153.795262609,39,1,2005,"{""type"":""MultiPoint"",""coordinates"":[]}"
5_0_19,28539.631024322753,40,1,2005,"{""type"":""MultiPoint"",""coordinates"":[]}"
5_0_20,479594.6338409229,41,1,2005,"{""type"":""MultiPoint"",""coordinates"":[]}"
5_0_21,14273.767362847864,46,1,2005,"{""type"":""MultiPoint"",""coordinates"":[]}"
5_0_22,4151.542900823963,48,1,2005,"{""type"":""MultiPoint"",""coordinates"":[]}"
5_0_23,22969.908585656958,62,1,2005,"{""type"":""MultiPoint"",""coordinates"":[]}"
6_0_0,40.679871697998045,0,1,2006,"{""type"":""MultiPoint"",""coordinates"":[]}"
6_0_1,1.071883961373537E7,3,1,2006,"{""type"":""MultiPoint"",""coordinates"":[]}"
6_0_2,3.206535517571045E7,4,1,2006,"{""type"":""MultiPoint"",""coordinates"":[]}"
6_0_3,65906.96657536596,5,1,2006,"{""type"":""MultiPoint"",""coordinates"":[]}"
6_0_4,24675.213571356187,9,1,2006,"{""type"":""MultiPoint"",""coordinates"":[]}"
6_0_5,2015821.7477386852,11,1,2006,"{""type"":""MultiPoint"",""coordinates"":[]}"
6_0_6,6218319.818101211,12,1,2006,"{""type"":""MultiPoint"",""coordinates"":[]}"
6_0_7,6706049.805800035,15,1,2006,"{""type"":""MultiPoint"",""coordinates"":[]}"
6_0_8,13253.19138546049,20,1,2006,"{""type"":""MultiPoint"",""coordinates"":[]}"
6_0_9,1610944.8048220908,21,1,2006,"{""type"":""MultiPoint"",""coordinates"":[]}"
6_0_10,105810.50271156257,23,1,2006,"{""type"":""MultiPoint"",""coordinates"":[]}"
6_0_11,90758.00024358551,24,1,2006,"{""type"":""MultiPoint"",""coordinates"":[]}"
6_0_12,219083.79449441435,25,1,2006,"{""type"":""MultiPoint"",""coordinates"":[]}"
6_0_13,18274.054424938793,29,1,2006,"{""type"":""MultiPoint"",""coordinates"":[]}"
6_0_14,1056.3345435119684,30,1,2006,"{""type"":""MultiPoint"",""coordinates"":[]}"
6_0_15,33.752303771972585,31,1,2006,"{""type"":""MultiPoint"",""coordinates"":[]}"
6_0_16,8184.402487792996,32,1,2006,"{""type"":""MultiPoint"",""coordinates"":[]}"
6_0_17,395564.67233299784,33,1,2006,"{""type"":""MultiPoint"",""coordinates"":[]}"
6_0_18,2137888.4520961614,39,1,2006,"{""type"":""MultiPoint"",""coordinates"":[]}"
6_0_19,32926.060808752285,40,1,2006,"{""type"":""MultiPoint"",""coordinates"":[]}"
6_0_20,478213.09838484804,41,1,2006,"{""type"":""MultiPoint"",""coordinates"":[]}"
6_0_21,14325.598274151569,46,1,2006,"{""type"":""MultiPoint"",""coordinates"":[]}"
6_0_22,4027.1644012267943,48,1,2006,"{""type"":""MultiPoint"",""coordinates"":[]}"
6_0_23,55318.77399901759,62,1,2006,"{""type"":""MultiPoint"",""coordinates"":[]}"
7_0_0,42.824484014892576,0,1,2007,"{""type"":""MultiPoint"",""coordinates"":[]}"
7_0_1,1.0646697270264363E7,3,1,2007,"{""type"":""MultiPoint"",""coordinates"":[]}"
7_0_2,3.1889943936077584E7,4,1,2007,"{""type"":""MultiPoint"",""coordinates"":[]}"
7_0_3,66210.11656587438,5,1,2007,"{""type"":""MultiPoint"",""coordinates"":[]}"
7_0_4,25366.829930633485,9,1,2007,"{""type"":""MultiPoint"",""coordinates"":[]}"
7_0_5,2016319.053995358,11,1,2007,"{""type"":""MultiPoint"",""coordinates"":[]}"
7_0_6,6184415.5878016595,12,1,2007,"{""type"":""MultiPoint"",""coordinates"":[]}"
7_0_7,6874213.738036059,15,1,2007,"{""type"":""MultiPoint"",""coordinates"":[]}"
7_0_8,16986.540287809104,20,1,2007,"{""type"":""MultiPoint"",""coordinates"":[]}"
7_0_9,1563297.5263662147,21,1,2007,"{""type"":""MultiPoint"",""coordinates"":[]}"
7_0_10,104943.93801987843,23,1,2007,"{""type"":""MultiPoint"",""coordinates"":[]}"
7_0_11,92062.16670802028,24,1,2007,"{""type"":""MultiPoint"",""coordinates"":[]}"
7_0_12,214394.27504902895,25,1,2007,"{""type"":""MultiPoint"",""coordinates"":[]}"
7_0_13,18276.859009759344,29,1,2007,"{""type"":""MultiPoint"",""coordinates"":[]}"
7_0_14,1101.4866192810114,30,1,2007,"{""type"":""MultiPoint"",""coordinates"":[]}"
7_0_15,32.94866640624993,31,1,2007,"{""type"":""MultiPoint"",""coordinates"":[]}"
7_0_16,8073.482488635274,32,1,2007,"{""type"":""MultiPoint"",""coordinates"":[]}"
7_0_17,392694.81753469916,33,1,2007,"{""type"":""MultiPoint"",""coordinates"":[]}"
7_0_18,2129389.5401161974,39,1,2007,"{""type"":""MultiPoint"",""coordinates"":[]}"
7_0_19,33923.29613338007,40,1,2007,"{""type"":""MultiPoint"",""coordinates"":[]}"
7_0_20,626384.9654653955,41,1,2007,"{""type"":""MultiPoint"",""coordinates"":[]}"
7_0_21,13540.525631732131,46,1,2007,"{""type"":""MultiPoint"",""coordinates"":[]}"
7_0_22,2591.088114831545,48,1,2007,"{""type"":""MultiPoint"",""coordinates"":[]}"
7_0_23,79768.86545211839,62,1,2007,"{""type"":""MultiPoint"",""coordinates"":[]}"
8_0_0,42.822876501464854,0,1,2008,"{""type"":""MultiPoint"",""coordinates"":[]}"
8_0_1,1.0529512803122949E7,3,1,2008,"{""type"":""MultiPoint"",""coordinates"":[]}"
8_0_2,3.172092130482623E7,4,1,2008,"{""type"":""MultiPoint"",""coordinates"":[]}"
8_0_3,66229.45915764061,5,1,2008,"{""type"":""MultiPoint"",""coordinates"":[]}"
8_0_4,27895.975838476526,9,1,2008,"{""type"":""MultiPoint"",""coordinates"":[]}"
8_0_5,2012985.251734003,11,1,2008,"{""type"":""MultiPoint"",""coordinates"":[]}"
8_0_6,6133163.909024616,12,1,2008,"{""type"":""MultiPoint"",""coordinates"":[]}"
8_0_7,7011217.0174588505,15,1,2008,"{""type"":""MultiPoint"",""coordinates"":[]}"
8_0_8,17808.554293229354,20,1,2008,"{""type"":""MultiPoint"",""coordinates"":[]}"
8_0_9,1609708.0030898817,21,1,2008,"{""type"":""MultiPoint"",""coordinates"":[]}"
8_0_10,105446.88940495756,23,1,2008,"{""type"":""MultiPoint"",""coordinates"":[]}"
8_0_11,93839.66326458771,24,1,2008,"{""type"":""MultiPoint"",""coordinates"":[]}"
8_0_12,214919.30395720783,25,1,2008,"{""type"":""MultiPoint"",""coordinates"":[]}"
8_0_13,18278.959002313055,29,1,2008,"{""type"":""MultiPoint"",""coordinates"":[]}"
8_0_14,1146.0105931457574,30,1,2008,"{""type"":""MultiPoint"",""coordinates"":[]}"
8_0_15,36.69895698242181,31,1,2008,"{""type"":""MultiPoint"",""coordinates"":[]}"
8_0_16,7954.439187915053,32,1,2008,"{""type"":""MultiPoint"",""coordinates"":[]}"
8_0_17,396322.1671971561,33,1,2008,"{""type"":""MultiPoint"",""coordinates"":[]}"
8_0_18,2260499.8927541273,39,1,2008,"{""type"":""MultiPoint"",""coordinates"":[]}"
8_0_19,35578.53543542415,40,1,2008,"{""type"":""MultiPoint"",""coordinates"":[]}"
8_0_20,601729.3572840312,41,1,2008,"{""type"":""MultiPoint"",""coordinates"":[]}"
8_0_21,14559.22090078121,46,1,2008,"{""type"":""MultiPoint"",""coordinates"":[]}"
8_0_22,5389.979966088852,48,1,2008,"{""type"":""MultiPoint"",""coordinates"":[]}"
8_0_23,115485.45949155353,62,1,2008,"{""type"":""MultiPoint"",""coordinates"":[]}"
9_0_0,52.19867666015625,0,1,2009,"{""type"":""MultiPoint"",""coordinates"":[]}"
9_0_1,1.0442807520732488E7,3,1,2009,"{""type"":""MultiPoint"",""coordinates"":[]}"
9_0_2,3.162620686480423E7,4,1,2009,"{""type"":""MultiPoint"",""coordinates"":[]}"
9_0_3,66066.81462690928,5,1,2009,"{""type"":""MultiPoint"",""coordinates"":[]}"
9_0_4,33262.644905340625,9,1,2009,"{""type"":""MultiPoint"",""coordinates"":[]}"
9_0_5,2014070.627561256,11,1,2009,"{""type"":""MultiPoint"",""coordinates"":[]}"
9_0_6,6095777.18198691,12,1,2009,"{""type"":""MultiPoint"",""coordinates"":[]}"
9_0_7,7015422.584870083,15,1,2009,"{""type"":""MultiPoint"",""coordinates"":[]}"
9_0_8,17919.36719760744,20,1,2009,"{""type"":""MultiPoint"",""coordinates"":[]}"
9_0_9,1658261.510018272,21,1,2009,"{""type"":""MultiPoint"",""coordinates"":[]}"
9_0_10,106825.01410685547,23,1,2009,"{""type"":""MultiPoint"",""coordinates"":[]}"
9_0_11,95559.1012389103,24,1,2009,"{""type"":""MultiPoint"",""coordinates"":[]}"
9_0_12,214410.5405541067,25,1,2009,"{""type"":""MultiPoint"",""coordinates"":[]}"
9_0_13,18276.867768615542,29,1,2009,"{""type"":""MultiPoint"",""coordinates"":[]}"
9_0_14,1205.732346820075,30,1,2009,"{""type"":""MultiPoint"",""coordinates"":[]}"
9_0_15,35.984622113037055,31,1,2009,"{""type"":""MultiPoint"",""coordinates"":[]}"
9_0_16,7860.04558560791,32,1,2009,"{""type"":""MultiPoint"",""coordinates"":[]}"
9_0_17,404739.3566754394,33,1,2009,"{""type"":""MultiPoint"",""coordinates"":[]}"
9_0_18,2475462.004966952,39,1,2009,"{""type"":""MultiPoint"",""coordinates"":[]}"
9_0_19,41063.69281993397,40,1,2009,"{""type"":""MultiPoint"",""coordinates"":[]}"
9_0_20,549355.0018875563,41,1,2009,"{""type"":""MultiPoint"",""coordinates"":[]}"
9_0_21,15231.855980273385,46,1,2009,"{""type"":""MultiPoint"",""coordinates"":[]}"
9_0_22,6510.696218994112,48,1,2009,"{""type"":""MultiPoint"",""coordinates"":[]}"
9_0_23,94288.46866681598,62,1,2009,"{""type"":""MultiPoint"",""coordinates"":[]}"
10_0_0,51.66679520874023,0,1,2010,"{""type"":""MultiPoint"",""coordinates"":[]}"
10_0_1,1.0393276723554924E7,3,1,2010,"{""type"":""MultiPoint"",""coordinates"":[]}"
10_0_2,3.146460467208319E7,4,1,2010,"{""type"":""MultiPoint"",""coordinates"":[]}"
10_0_3,65784.10251031435,5,1,2010,"{""type"":""MultiPoint"",""coordinates"":[]}"
10_0_4,47611.63461100463,9,1,2010,"{""type"":""MultiPoint"",""coordinates"":[]}"
10_0_5,2023899.990756629,11,1,2010,"{""type"":""MultiPoint"",""coordinates"":[]}"
10_0_6,6048824.97053417,12,1,2010,"{""type"":""MultiPoint"",""coordinates"":[]}"
10_0_7,7046294.4699216625,15,1,2010,"{""type"":""MultiPoint"",""coordinates"":[]}"
10_0_8,19788.89947214046,20,1,2010,"{""type"":""MultiPoint"",""coordinates"":[]}"
10_0_9,1635700.5051117814,21,1,2010,"{""type"":""MultiPoint"",""coordinates"":[]}"
10_0_10,107359.16921369171,23,1,2010,"{""type"":""MultiPoint"",""coordinates"":[]}"
10_0_11,98131.0881191654,24,1,2010,"{""type"":""MultiPoint"",""coordinates"":[]}"
10_0_12,211883.1680857711,25,1,2010,"{""type"":""MultiPoint"",""coordinates"":[]}"
10_0_13,18281.400490362368,29,1,2010,"{""type"":""MultiPoint"",""coordinates"":[]}"
10_0_14,1245.4404983459547,30,1,2010,"{""type"":""MultiPoint"",""coordinates"":[]}"
10_0_15,31.252122753906164,31,1,2010,"{""type"":""MultiPoint"",""coordinates"":[]}"
10_0_16,7757.789000292967,32,1,2010,"{""type"":""MultiPoint"",""coordinates"":[]}"
10_0_17,396732.5691006903,33,1,2010,"{""type"":""MultiPoint"",""coordinates"":[]}"
10_0_18,2700757.786221782,39,1,2010,"{""type"":""MultiPoint"",""coordinates"":[]}"
10_0_19,43055.11622689851,40,1,2010,"{""type"":""MultiPoint"",""coordinates"":[]}"
10_0_20,566898.8391864082,41,1,2010,"{""type"":""MultiPoint"",""coordinates"":[]}"
10_0_21,15239.52965161128,46,1,2010,"{""type"":""MultiPoint"",""coordinates"":[]}"
10_0_22,6139.702971221904,48,1,2010,"{""type"":""MultiPoint"",""coordinates"":[]}"
10_0_23,81321.19257900472,62,1,2010,"{""type"":""MultiPoint"",""coordinates"":[]}"
11_0_0,57.73923823852539,0,1,2011,"{""type"":""MultiPoint"",""coordinates"":[]}"
11_0_1,1.0294378319183622E7,3,1,2011,"{""type"":""MultiPoint"",""coordinates"":[]}"
11_0_2,3.1338568731391836E7,4,1,2011,"{""type"":""MultiPoint"",""coordinates"":[]}"
11_0_3,65727.33759957814,5,1,2011,"{""type"":""MultiPoint"",""coordinates"":[]}"
11_0_4,52254.57260547481,9,1,2011,"{""type"":""MultiPoint"",""coordinates"":[]}"
11_0_5,2033530.6158250382,11,1,2011,"{""type"":""MultiPoint"",""coordinates"":[]}"
11_0_6,6001752.776779067,12,1,2011,"{""type"":""MultiPoint"",""coordinates"":[]}"
11_0_7,7083866.276022677,15,1,2011,"{""type"":""MultiPoint"",""coordinates"":[]}"
11_0_8,19202.71880237858,20,1,2011,"{""type"":""MultiPoint"",""coordinates"":[]}"
11_0_9,1649829.3163905393,21,1,2011,"{""type"":""MultiPoint"",""coordinates"":[]}"
11_0_10,107797.10372380042,23,1,2011,"{""type"":""MultiPoint"",""coordinates"":[]}"
11_0_11,101112.46116562525,24,1,2011,"{""type"":""MultiPoint"",""coordinates"":[]}"
11_0_12,217556.66964258364,25,1,2011,"{""type"":""MultiPoint"",""coordinates"":[]}"
11_0_13,18287.965715862872,29,1,2011,"{""type"":""MultiPoint"",""coordinates"":[]}"
11_0_14,1276.9064611755443,30,1,2011,"{""type"":""MultiPoint"",""coordinates"":[]}"
11_0_15,19.46560045776367,31,1,2011,"{""type"":""MultiPoint"",""coordinates"":[]}"
11_0_16,7668.921505627444,32,1,2011,"{""type"":""MultiPoint"",""coordinates"":[]}"
11_0_17,415565.6514098829,33,1,2011,"{""type"":""MultiPoint"",""coordinates"":[]}"
11_0_18,2836993.841091476,39,1,2011,"{""type"":""MultiPoint"",""coordinates"":[]}"
11_0_19,44284.39380869726,40,1,2011,"{""type"":""MultiPoint"",""coordinates"":[]}"
11_0_20,586075.3912808598,41,1,2011,"{""type"":""MultiPoint"",""coordinates"":[]}"
11_0_21,14374.51388095699,46,1,2011,"{""type"":""MultiPoint"",""coordinates"":[]}"
11_0_22,4921.896565270989,48,1,2011,"{""type"":""MultiPoint"",""coordinates"":[]}"
11_0_23,105568.09312808252,62,1,2011,"{""type"":""MultiPoint"",""coordinates"":[]}"
12_0_0,63.27796773681639,0,1,2012,"{""type"":""MultiPoint"",""coordinates"":[]}"
12_0_1,1.0215117052000472E7,3,1,2012,"{""type"":""MultiPoint"",""coordinates"":[]}"
12_0_2,3.09283969630167E7,4,1,2012,"{""type"":""MultiPoint"",""coordinates"":[]}"
12_0_3,65677.92800497956,5,1,2012,"{""type"":""MultiPoint"",""coordinates"":[]}"
12_0_4,60652.02325628646,9,1,2012,"{""type"":""MultiPoint"",""coordinates"":[]}"
12_0_5,2032632.7590438044,11,1,2012,"{""type"":""MultiPoint"",""coordinates"":[]}"
12_0_6,5927173.278741529,12,1,2012,"{""type"":""MultiPoint"",""coordinates"":[]}"
12_0_7,7216914.647540703,15,1,2012,"{""type"":""MultiPoint"",""coordinates"":[]}"
12_0_8,17683.068122466404,20,1,2012,"{""type"":""MultiPoint"",""coordinates"":[]}"
12_0_9,1689492.1515168524,21,1,2012,"{""type"":""MultiPoint"",""coordinates"":[]}"
12_0_10,108418.14892601395,23,1,2012,"{""type"":""MultiPoint"",""coordinates"":[]}"
12_0_11,103588.10423181174,24,1,2012,"{""type"":""MultiPoint"",""coordinates"":[]}"
12_0_12,218363.3942297847,25,1,2012,"{""type"":""MultiPoint"",""coordinates"":[]}"
12_0_13,18290.211269372398,29,1,2012,"{""type"":""MultiPoint"",""coordinates"":[]}"
12_0_14,1291.3911684509344,30,1,2012,"{""type"":""MultiPoint"",""coordinates"":[]}"
12_0_15,27.68044808349604,31,1,2012,"{""type"":""MultiPoint"",""coordinates"":[]}"
12_0_16,7503.521792529296,32,1,2012,"{""type"":""MultiPoint"",""coordinates"":[]}"
12_0_17,412754.9342483966,33,1,2012,"{""type"":""MultiPoint"",""coordinates"":[]}"
12_0_18,3116685.5083236964,39,1,2012,"{""type"":""MultiPoint"",""coordinates"":[]}"
12_0_19,48034.5849142648,40,1,2012,"{""type"":""MultiPoint"",""coordinates"":[]}"
12_0_20,707006.8807373261,41,1,2012,"{""type"":""MultiPoint"",""coordinates"":[]}"
12_0_21,14675.606880596895,46,1,2012,"{""type"":""MultiPoint"",""coordinates"":[]}"
12_0_22,2396.595664739994,48,1,2012,"{""type"":""MultiPoint"",""coordinates"":[]}"
12_0_23,87831.96677221605,62,1,2012,"{""type"":""MultiPoint"",""coordinates"":[]}"
13_0_0,51.31393978271484,0,1,2013,"{""type"":""MultiPoint"",""coordinates"":[]}"
13_0_1,1.0157622617000116E7,3,1,2013,"{""type"":""MultiPoint"",""coordinates"":[]}"
13_0_2,3.0373092233549975E7,4,1,2013,"{""type"":""MultiPoint"",""coordinates"":[]}"
13_0_3,65927.68357451646,5,1,2013,"{""type"":""MultiPoint"",""coordinates"":[]}"
13_0_4,124851.99015894838,9,1,2013,"{""type"":""MultiPoint"",""coordinates"":[]}"
13_0_5,2025896.3224699828,11,1,2013,"{""type"":""MultiPoint"",""coordinates"":[]}"
13_0_6,5881463.703329895,12,1,2013,"{""type"":""MultiPoint"",""coordinates"":[]}"
13_0_7,7442600.629863575,15,1,2013,"{""type"":""MultiPoint"",""coordinates"":[]}"
13_0_8,22935.400649861636,20,1,2013,"{""type"":""MultiPoint"",""coordinates"":[]}"
13_0_9,1729839.0168456184,21,1,2013,"{""type"":""MultiPoint"",""coordinates"":[]}"
13_0_10,107964.85890695882,23,1,2013,"{""type"":""MultiPoint"",""coordinates"":[]}"
13_0_11,107541.8553812321,24,1,2013,"{""type"":""MultiPoint"",""coordinates"":[]}"
13_0_12,242583.99369653885,25,1,2013,"{""type"":""MultiPoint"",""coordinates"":[]}"
13_0_13,18290.87165372908,29,1,2013,"{""type"":""MultiPoint"",""coordinates"":[]}"
13_0_14,1316.9358274597232,30,1,2013,"{""type"":""MultiPoint"",""coordinates"":[]}"
13_0_15,34.55590973510737,31,1,2013,"{""type"":""MultiPoint"",""coordinates"":[]}"
13_0_16,7447.97753543703,32,1,2013,"{""type"":""MultiPoint"",""coordinates"":[]}"
13_0_17,402971.01516301464,33,1,2013,"{""type"":""MultiPoint"",""coordinates"":[]}"
13_0_18,3241236.224333941,39,1,2013,"{""type"":""MultiPoint"",""coordinates"":[]}"
13_0_19,52610.678551294775,40,1,2013,"{""type"":""MultiPoint"",""coordinates"":[]}"
13_0_20,938606.0492863203,41,1,2013,"{""type"":""MultiPoint"",""coordinates"":[]}"
13_0_21,14238.711601019306,46,1,2013,"{""type"":""MultiPoint"",""coordinates"":[]}"
13_0_22,2549.675601477052,48,1,2013,"{""type"":""MultiPoint"",""coordinates"":[]}"
13_0_23,38997.363989172285,62,1,2013,"{""type"":""MultiPoint"",""coordinates"":[]}"
14_0_0,33.62727840576172,0,1,2014,"{""type"":""MultiPoint"",""coordinates"":[]}"
14_0_1,1.0131703566637754E7,3,1,2014,"{""type"":""MultiPoint"",""coordinates"":[]}"
14_0_2,2.996558731856353E7,4,1,2014,"{""type"":""MultiPoint"",""coordinates"":[]}"
14_0_3,66283.85328467896,5,1,2014,"{""type"":""MultiPoint"",""coordinates"":[]}"
14_0_4,129505.5634715949,9,1,2014,"{""type"":""MultiPoint"",""coordinates"":[]}"
14_0_5,2022344.5396057882,11,1,2014,"{""type"":""MultiPoint"",""coordinates"":[]}"
14_0_6,5859020.8611500105,12,1,2014,"{""type"":""MultiPoint"",""coordinates"":[]}"
14_0_7,7697887.686129699,15,1,2014,"{""type"":""MultiPoint"",""coordinates"":[]}"
14_0_8,23879.061139341316,20,1,2014,"{""type"":""MultiPoint"",""coordinates"":[]}"
14_0_9,1672393.8774188766,21,1,2014,"{""type"":""MultiPoint"",""coordinates"":[]}"
14_0_10,107075.52426501148,23,1,2014,"{""type"":""MultiPoint"",""coordinates"":[]}"
14_0_11,110530.16683728689,24,1,2014,"{""type"":""MultiPoint"",""coordinates"":[]}"
14_0_12,264008.37255489535,25,1,2014,"{""type"":""MultiPoint"",""coordinates"":[]}"
14_0_13,18290.27702692855,29,1,2014,"{""type"":""MultiPoint"",""coordinates"":[]}"
14_0_14,1341.5814597961496,30,1,2014,"{""type"":""MultiPoint"",""coordinates"":[]}"
14_0_15,37.234632617187394,31,1,2014,"{""type"":""MultiPoint"",""coordinates"":[]}"
14_0_16,7366.797276483177,32,1,2014,"{""type"":""MultiPoint"",""coordinates"":[]}"
14_0_17,401140.757957485,33,1,2014,"{""type"":""MultiPoint"",""coordinates"":[]}"
14_0_18,3608695.3118841974,39,1,2014,"{""type"":""MultiPoint"",""coordinates"":[]}"
14_0_19,68014.74658865549,40,1,2014,"{""type"":""MultiPoint"",""coordinates"":[]}"
14_0_20,759662.7289110853,41,1,2014,"{""type"":""MultiPoint"",""coordinates"":[]}"
14_0_21,14031.611080401632,46,1,2014,"{""type"":""MultiPoint"",""coordinates"":[]}"
14_0_22,1639.472118786622,48,1,2014,"{""type"":""MultiPoint"",""coordinates"":[]}"
14_0_23,70197.1415463621,62,1,2014,"{""type"":""MultiPoint"",""coordinates"":[]}"
15_0_0,27.904741931152344,0,1,2015,"{""type"":""MultiPoint"",""coordinates"":[]}"
15_0_1,1.0118757056717288E7,3,1,2015,"{""type"":""MultiPoint"",""coordinates"":[]}"
15_0_2,2.964053948896176E7,4,1,2015,"{""type"":""MultiPoint"",""coordinates"":[]}"
15_0_3,66260.40627261816,5,1,2015,"{""type"":""MultiPoint"",""coordinates"":[]}"
15_0_4,133478.01772747876,9,1,2015,"{""type"":""MultiPoint"",""coordinates"":[]}"
15_0_5,2015901.0259107705,11,1,2015,"{""type"":""MultiPoint"",""coordinates"":[]}"
15_0_6,5836276.385211079,12,1,2015,"{""type"":""MultiPoint"",""coordinates"":[]}"
15_0_7,7899992.068453006,15,1,2015,"{""type"":""MultiPoint"",""coordinates"":[]}"
15_0_8,22098.91734376221,20,1,2015,"{""type"":""MultiPoint"",""coordinates"":[]}"
15_0_9,1587059.2605007952,21,1,2015,"{""type"":""MultiPoint"",""coordinates"":[]}"
15_0_10,106496.69588120456,23,1,2015,"{""type"":""MultiPoint"",""coordinates"":[]}"
15_0_11,112632.90507791165,24,1,2015,"{""type"":""MultiPoint"",""coordinates"":[]}"
15_0_12,253476.58816900637,25,1,2015,"{""type"":""MultiPoint"",""coordinates"":[]}"
15_0_13,18285.723645062102,29,1,2015,"{""type"":""MultiPoint"",""coordinates"":[]}"
15_0_14,1354.7362328186098,30,1,2015,"{""type"":""MultiPoint"",""coordinates"":[]}"
15_0_15,37.50251417846668,31,1,2015,"{""type"":""MultiPoint"",""coordinates"":[]}"
15_0_16,7296.158296466092,32,1,2015,"{""type"":""MultiPoint"",""coordinates"":[]}"
15_0_17,399160.7851389246,33,1,2015,"{""type"":""MultiPoint"",""coordinates"":[]}"
15_0_18,4122877.656232067,39,1,2015,"{""type"":""MultiPoint"",""coordinates"":[]}"
15_0_19,78444.98400834027,40,1,2015,"{""type"":""MultiPoint"",""coordinates"":[]}"
15_0_20,485937.001171823,41,1,2015,"{""type"":""MultiPoint"",""coordinates"":[]}"
15_0_21,13335.7270566345,46,1,2015,"{""type"":""MultiPoint"",""coordinates"":[]}"
15_0_22,1550.1758477111823,48,1,2015,"{""type"":""MultiPoint"",""coordinates"":[]}"
15_0_23,79394.50770678686,62,1,2015,"{""type"":""MultiPoint"",""coordinates"":[]}"
16_0_0,28.61912610473633,0,1,2016,"{""type"":""MultiPoint"",""coordinates"":[]}"
16_0_1,1.0098414408833303E7,3,1,2016,"{""type"":""MultiPoint"",""coordinates"":[]}"
16_0_2,2.944978275152851E7,4,1,2016,"{""type"":""MultiPoint"",""coordinates"":[]}"
16_0_3,66220.67270339196,5,1,2016,"{""type"":""MultiPoint"",""coordinates"":[]}"
16_0_4,134578.4715436043,9,1,2016,"{""type"":""MultiPoint"",""coordinates"":[]}"
16_0_5,2015886.55781737,11,1,2016,"{""type"":""MultiPoint"",""coordinates"":[]}"
16_0_6,5811683.077980821,12,1,2016,"{""type"":""MultiPoint"",""coordinates"":[]}"
16_0_7,7968560.91344005,15,1,2016,"{""type"":""MultiPoint"",""coordinates"":[]}"
16_0_8,25331.225820836862,20,1,2016,"{""type"":""MultiPoint"",""coordinates"":[]}"
16_0_9,1560913.1323291052,21,1,2016,"{""type"":""MultiPoint"",""coordinates"":[]}"
16_0_10,106589.97546737749,23,1,2016,"{""type"":""MultiPoint"",""coordinates"":[]}"
16_0_11,114361.90852747821,24,1,2016,"{""type"":""MultiPoint"",""coordinates"":[]}"
16_0_12,244448.2542788384,25,1,2016,"{""type"":""MultiPoint"",""coordinates"":[]}"
16_0_13,18288.411004247886,29,1,2016,"{""type"":""MultiPoint"",""coordinates"":[]}"
16_0_14,1384.074430352789,30,1,2016,"{""type"":""MultiPoint"",""coordinates"":[]}"
16_0_15,34.198699212646396,31,1,2016,"{""type"":""MultiPoint"",""coordinates"":[]}"
16_0_16,7238.2009342468555,32,1,2016,"{""type"":""MultiPoint"",""coordinates"":[]}"
16_0_17,395429.01832871285,33,1,2016,"{""type"":""MultiPoint"",""coordinates"":[]}"
16_0_18,4496062.646726722,39,1,2016,"{""type"":""MultiPoint"",""coordinates"":[]}"
16_0_19,90111.49521121498,40,1,2016,"{""type"":""MultiPoint"",""coordinates"":[]}"
16_0_20,343269.5378139762,41,1,2016,"{""type"":""MultiPoint"",""coordinates"":[]}"
16_0_21,13750.940623657203,46,1,2016,"{""type"":""MultiPoint"",""coordinates"":[]}"
16_0_22,1972.0025168823267,48,1,2016,"{""type"":""MultiPoint"",""coordinates"":[]}"
16_0_23,36331.18313387453,62,1,2016,"{""type"":""MultiPoint"",""coordinates"":[]}"
17_0_0,29.691660278320317,0,1,2017,"{""type"":""MultiPoint"",""coordinates"":[]}"
17_0_1,1.010056214185984E7,3,1,2017,"{""type"":""MultiPoint"",""coordinates"":[]}"
17_0_2,2.933051797807812E7,4,1,2017,"{""type"":""MultiPoint"",""coordinates"":[]}"
17_0_3,66095.631749498,5,1,2017,"{""type"":""MultiPoint"",""coordinates"":[]}"
17_0_4,149165.89655722136,9,1,2017,"{""type"":""MultiPoint"",""coordinates"":[]}"
17_0_5,2018477.2675686232,11,1,2017,"{""type"":""MultiPoint"",""coordinates"":[]}"
17_0_6,5774816.375485478,12,1,2017,"{""type"":""MultiPoint"",""coordinates"":[]}"
17_0_7,7867647.736094335,15,1,2017,"{""type"":""MultiPoint"",""coordinates"":[]}"
17_0_8,19670.973883057188,20,1,2017,"{""type"":""MultiPoint"",""coordinates"":[]}"
17_0_9,1556524.4822411903,21,1,2017,"{""type"":""MultiPoint"",""coordinates"":[]}"
17_0_10,105081.01985749468,23,1,2017,"{""type"":""MultiPoint"",""coordinates"":[]}"
17_0_11,115895.78648197645,24,1,2017,"{""type"":""MultiPoint"",""coordinates"":[]}"
17_0_12,231654.17376048604,25,1,2017,"{""type"":""MultiPoint"",""coordinates"":[]}"
17_0_13,18294.612235711505,29,1,2017,"{""type"":""MultiPoint"",""coordinates"":[]}"
17_0_14,1408.9509240173397,30,1,2017,"{""type"":""MultiPoint"",""coordinates"":[]}"
17_0_15,25.53741930541983,31,1,2017,"{""type"":""MultiPoint"",""coordinates"":[]}"
17_0_16,7219.087969195572,32,1,2017,"{""type"":""MultiPoint"",""coordinates"":[]}"
17_0_17,394795.28321562737,33,1,2017,"{""type"":""MultiPoint"",""coordinates"":[]}"
17_0_18,4676161.064330918,39,1,2017,"{""type"":""MultiPoint"",""coordinates"":[]}"
17_0_19,92726.03468396197,40,1,2017,"{""type"":""MultiPoint"",""coordinates"":[]}"
17_0_20,363277.00707580004,41,1,2017,"{""type"":""MultiPoint"",""coordinates"":[]}"
17_0_21,13914.18405942991,46,1,2017,"{""type"":""MultiPoint"",""coordinates"":[]}"
17_0_22,1729.1202648376493,48,1,2017,"{""type"":""MultiPoint"",""coordinates"":[]}"
17_0_23,94981.64136371895,62,1,2017,"{""type"":""MultiPoint"",""coordinates"":[]}"
18_0_0,40.140998504638674,0,1,2018,"{""type"":""MultiPoint"",""coordinates"":[]}"
18_0_1,1.0114406324731018E7,3,1,2018,"{""type"":""MultiPoint"",""coordinates"":[]}"
18_0_2,2.922645653850279E7,4,1,2018,"{""type"":""MultiPoint"",""coordinates"":[]}"
18_0_3,66042.13569324199,5,1,2018,"{""type"":""MultiPoint"",""coordinates"":[]}"
18_0_4,151512.31721953256,9,1,2018,"{""type"":""MultiPoint"",""coordinates"":[]}"
18_0_5,2020080.9814963385,11,1,2018,"{""type"":""MultiPoint"",""coordinates"":[]}"
18_0_6,5734694.332363108,12,1,2018,"{""type"":""MultiPoint"",""coordinates"":[]}"
18_0_7,7749393.665313187,15,1,2018,"{""type"":""MultiPoint"",""coordinates"":[]}"
18_0_8,26108.136827892326,20,1,2018,"{""type"":""MultiPoint"",""coordinates"":[]}"
18_0_9,1619605.2638276368,21,1,2018,"{""type"":""MultiPoint"",""coordinates"":[]}"
18_0_10,104885.16104091234,23,1,2018,"{""type"":""MultiPoint"",""coordinates"":[]}"
18_0_11,118357.31716352541,24,1,2018,"{""type"":""MultiPoint"",""coordinates"":[]}"
18_0_12,232892.4743815791,25,1,2018,"{""type"":""MultiPoint"",""coordinates"":[]}"
18_0_13,18296.62129996322,29,1,2018,"{""type"":""MultiPoint"",""coordinates"":[]}"
18_0_14,1426.0596218750063,30,1,2018,"{""type"":""MultiPoint"",""coordinates"":[]}"
18_0_15,7.589790350341808,31,1,2018,"{""type"":""MultiPoint"",""coordinates"":[]}"
18_0_16,7233.014909008805,32,1,2018,"{""type"":""MultiPoint"",""coordinates"":[]}"
18_0_17,399789.86452411144,33,1,2018,"{""type"":""MultiPoint"",""coordinates"":[]}"
18_0_18,4787699.750194699,39,1,2018,"{""type"":""MultiPoint"",""coordinates"":[]}"
18_0_19,98023.44280993484,40,1,2018,"{""type"":""MultiPoint"",""coordinates"":[]}"
18_0_20,411959.63220592705,41,1,2018,"{""type"":""MultiPoint"",""coordinates"":[]}"
18_0_21,13026.710418200677,46,1,2018,"{""type"":""MultiPoint"",""coordinates"":[]}"
18_0_22,1992.004933752441,48,1,2018,"{""type"":""MultiPoint"",""coordinates"":[]}"
18_0_23,96742.19855334886,62,1,2018,"{""type"":""MultiPoint"",""coordinates"":[]}"
19_0_0,53.45093527832031,0,1,2019,"{""type"":""MultiPoint"",""coordinates"":[]}"
19_0_1,1.0154837878440706E7,3,1,2019,"{""type"":""MultiPoint"",""coordinates"":[]}"
19_0_2,2.9135900980320465E7,4,1,2019,"{""type"":""MultiPoint"",""coordinates"":[]}"
19_0_3,66115.98914936358,5,1,2019,"{""type"":""MultiPoint"",""coordinates"":[]}"
19_0_4,169747.87541562613,9,1,2019,"{""type"":""MultiPoint"",""coordinates"":[]}"
19_0_5,2024595.2007880511,11,1,2019,"{""type"":""MultiPoint"",""coordinates"":[]}"
19_0_6,5702791.843518504,12,1,2019,"{""type"":""MultiPoint"",""coordinates"":[]}"
19_0_7,7646351.717596302,15,1,2019,"{""type"":""MultiPoint"",""coordinates"":[]}"
19_0_8,23066.038554310013,20,1,2019,"{""type"":""MultiPoint"",""coordinates"":[]}"
19_0_9,1687163.7613937105,21,1,2019,"{""type"":""MultiPoint"",""coordinates"":[]}"
19_0_10,100932.79750797214,23,1,2019,"{""type"":""MultiPoint"",""coordinates"":[]}"
19_0_11,119483.9867853394,24,1,2019,"{""type"":""MultiPoint"",""coordinates"":[]}"
19_0_12,226000.2995499318,25,1,2019,"{""type"":""MultiPoint"",""coordinates"":[]}"
19_0_13,18295.561168176107,29,1,2019,"{""type"":""MultiPoint"",""coordinates"":[]}"
19_0_14,1441.8572380065973,30,1,2019,"{""type"":""MultiPoint"",""coordinates"":[]}"
19_0_15,7.411206121826184,31,1,2019,"{""type"":""MultiPoint"",""coordinates"":[]}"
19_0_16,7272.844811474624,32,1,2019,"{""type"":""MultiPoint"",""coordinates"":[]}"
19_0_17,398054.6365101335,33,1,2019,"{""type"":""MultiPoint"",""coordinates"":[]}"
19_0_18,4950896.999033399,39,1,2019,"{""type"":""MultiPoint"",""coordinates"":[]}"
19_0_19,100942.36510334167,40,1,2019,"{""type"":""MultiPoint"",""coordinates"":[]}"
19_0_20,380349.92453964334,41,1,2019,"{""type"":""MultiPoint"",""coordinates"":[]}"
19_0_21,12877.8895845642,46,1,2019,"{""type"":""MultiPoint"",""coordinates"":[]}"
19_0_22,5451.477280773901,48,1,2019,"{""type"":""MultiPoint"",""coordinates"":[]}"
19_0_23,68038.89238910718,62,1,2019,"{""type"":""MultiPoint"",""coordinates"":[]}"
20_0_0,165.35308603515625,0,1,2020,"{""type"":""MultiPoint"",""coordinates"":[]}"
20_0_1,1.0209860188078128E7,3,1,2020,"{""type"":""MultiPoint"",""coordinates"":[]}"
20_0_2,2.9025478119639564E7,4,1,2020,"{""type"":""MultiPoint"",""coordinates"":[]}"
20_0_3,66191.01090486904,5,1,2020,"{""type"":""MultiPoint"",""coordinates"":[]}"
20_0_4,176348.09411828895,9,1,2020,"{""type"":""MultiPoint"",""coordinates"":[]}"
20_0_5,2035521.9938260731,11,1,2020,"{""type"":""MultiPoint"",""coordinates"":[]}"
20_0_6,5684401.731023413,12,1,2020,"{""type"":""MultiPoint"",""coordinates"":[]}"
20_0_7,7593984.916479016,15,1,2020,"{""type"":""MultiPoint"",""coordinates"":[]}"
20_0_8,24230.035204693548,20,1,2020,"{""type"":""MultiPoint"",""coordinates"":[]}"
20_0_9,1702589.4851453307,21,1,2020,"{""type"":""MultiPoint"",""coordinates"":[]}"
20_0_10,98488.48945239365,23,1,2020,"{""type"":""MultiPoint"",""coordinates"":[]}"
20_0_11,119777.80828287352,24,1,2020,"{""type"":""MultiPoint"",""coordinates"":[]}"
20_0_12,219027.19780359973,25,1,2020,"{""type"":""MultiPoint"",""coordinates"":[]}"
20_0_13,18297.694644763025,29,1,2020,"{""type"":""MultiPoint"",""coordinates"":[]}"
20_0_14,1457.2840882507385,30,1,2020,"{""type"":""MultiPoint"",""coordinates"":[]}"
20_0_15,7.321914471435559,31,1,2020,"{""type"":""MultiPoint"",""coordinates"":[]}"
20_0_16,7283.204368017591,32,1,2020,"{""type"":""MultiPoint"",""coordinates"":[]}"
20_0_17,397145.08374825044,33,1,2020,"{""type"":""MultiPoint"",""coordinates"":[]}"
20_0_18,4802191.07186616,39,1,2020,"{""type"":""MultiPoint"",""coordinates"":[]}"
20_0_19,108411.95629844743,40,1,2020,"{""type"":""MultiPoint"",""coordinates"":[]}"
20_0_20,518624.96779188723,41,1,2020,"{""type"":""MultiPoint"",""coordinates"":[]}"
20_0_21,13721.650733941631,46,1,2020,"{""type"":""MultiPoint"",""coordinates"":[]}"
20_0_22,20731.919324530074,48,1,2020,"{""type"":""MultiPoint"",""coordinates"":[]}"
20_0_23,156735.100997367,62,1,2020,"{""type"":""MultiPoint"",""coordinates"":[]}"
21_0_0,141.7749329711914,0,1,2021,"{""type"":""MultiPoint"",""coordinates"":[]}"
21_0_1,1.0275404715597749E7,3,1,2021,"{""type"":""MultiPoint"",""coordinates"":[]}"
21_0_2,2.884302553268094E7,4,1,2021,"{""type"":""MultiPoint"",""coordinates"":[]}"
21_0_3,66446.41186197897,5,1,2021,"{""type"":""MultiPoint"",""coordinates"":[]}"
21_0_4,182340.03136735453,9,1,2021,"{""type"":""MultiPoint"",""coordinates"":[]}"
21_0_5,2055323.7006591538,11,1,2021,"{""type"":""MultiPoint"",""coordinates"":[]}"
21_0_6,5681734.770104406,12,1,2021,"{""type"":""MultiPoint"",""coordinates"":[]}"
21_0_7,7482885.090328439,15,1,2021,"{""type"":""MultiPoint"",""coordinates"":[]}"
21_0_8,23805.27236008903,20,1,2021,"{""type"":""MultiPoint"",""coordinates"":[]}"
21_0_9,1907942.6497279252,21,1,2021,"{""type"":""MultiPoint"",""coordinates"":[]}"
21_0_10,98475.72678949634,23,1,2021,"{""type"":""MultiPoint"",""coordinates"":[]}"
21_0_11,123536.28398553473,24,1,2021,"{""type"":""MultiPoint"",""coordinates"":[]}"
21_0_12,218841.681456298,25,1,2021,"{""type"":""MultiPoint"",""coordinates"":[]}"
21_0_13,18297.895909594565,29,1,2021,"{""type"":""MultiPoint"",""coordinates"":[]}"
21_0_14,1454.447092919928,30,1,2021,"{""type"":""MultiPoint"",""coordinates"":[]}"
21_0_15,7.23262332763673,31,1,2021,"{""type"":""MultiPoint"",""coordinates"":[]}"
21_0_16,7266.325163775653,32,1,2021,"{""type"":""MultiPoint"",""coordinates"":[]}"
21_0_17,386081.6513184235,33,1,2021,"{""type"":""MultiPoint"",""coordinates"":[]}"
21_0_18,4897829.220225178,39,1,2021,"{""type"":""MultiPoint"",""coordinates"":[]}"
21_0_19,104287.54237366567,40,1,2021,"{""type"":""MultiPoint"",""coordinates"":[]}"
21_0_20,436521.89453873946,41,1,2021,"{""type"":""MultiPoint"",""coordinates"":[]}"
21_0_21,13665.90350978392,46,1,2021,"{""type"":""MultiPoint"",""coordinates"":[]}"
21_0_22,20755.923673413134,48,1,2021,"{""type"":""MultiPoint"",""coordinates"":[]}"
21_0_23,154600.00053940588,62,1,2021,"{""type"":""MultiPoint"",""coordinates"":[]}"
