system:index,area,class_id,territory,year,.geo
0_0_0,39361.23861710058,3,1,1985,"{""type"":""MultiPoint"",""coordinates"":[]}"
0_0_1,23595.79070370516,4,1,1985,"{""type"":""MultiPoint"",""coordinates"":[]}"
0_0_2,613.7500251992648,5,1,1985,"{""type"":""MultiPoint"",""coordinates"":[]}"
0_0_3,382.9859729561143,11,1,1985,"{""type"":""MultiPoint"",""coordinates"":[]}"
0_0_4,1973.2060842759304,12,1,1985,"{""type"":""MultiPoint"",""coordinates"":[]}"
0_0_5,269.6875729899904,15,1,1985,"{""type"":""MultiPoint"",""coordinates"":[]}"
0_0_6,1.712207530029293,20,1,1985,"{""type"":""MultiPoint"",""coordinates"":[]}"
0_0_7,2237.6764793390307,21,1,1985,"{""type"":""MultiPoint"",""coordinates"":[]}"
0_0_8,973.6577577209023,23,1,1985,"{""type"":""MultiPoint"",""coordinates"":[]}"
0_0_9,205.74965075518392,24,1,1985,"{""type"":""MultiPoint"",""coordinates"":[]}"
0_0_10,285.98729383715835,25,1,1985,"{""type"":""MultiPoint"",""coordinates"":[]}"
0_0_11,6.994465382446231,31,1,1985,"{""type"":""MultiPoint"",""coordinates"":[]}"
0_0_12,74.53690465008502,32,1,1985,"{""type"":""MultiPoint"",""coordinates"":[]}"
0_0_13,1045.2032690649264,33,1,1985,"{""type"":""MultiPoint"",""coordinates"":[]}"
0_0_14,0.006247907287597655,41,1,1985,"{""type"":""MultiPoint"",""coordinates"":[]}"
0_1_0,25889.969701235896,3,2,1985,"{""type"":""MultiPoint"",""coordinates"":[]}"
0_1_1,28033.105271037944,4,2,1985,"{""type"":""MultiPoint"",""coordinates"":[]}"
0_1_2,257.97737832879574,11,2,1985,"{""type"":""MultiPoint"",""coordinates"":[]}"
0_1_3,2490.792358457958,12,2,1985,"{""type"":""MultiPoint"",""coordinates"":[]}"
0_1_4,1567.9745971032328,15,2,1985,"{""type"":""MultiPoint"",""coordinates"":[]}"
0_1_5,4477.709815957794,21,2,1985,"{""type"":""MultiPoint"",""coordinates"":[]}"
0_1_6,111.21632225311305,24,2,1985,"{""type"":""MultiPoint"",""coordinates"":[]}"
0_1_7,305.27976565929873,25,2,1985,"{""type"":""MultiPoint"",""coordinates"":[]}"
0_1_8,0.00355121630859375,29,2,1985,"{""type"":""MultiPoint"",""coordinates"":[]}"
0_1_9,130.46696380328365,33,2,1985,"{""type"":""MultiPoint"",""coordinates"":[]}"
0_2_0,19099.35129781532,3,3,1985,"{""type"":""MultiPoint"",""coordinates"":[]}"
0_2_1,14877.672087511852,4,3,1985,"{""type"":""MultiPoint"",""coordinates"":[]}"
0_2_2,59.66536146173098,11,3,1985,"{""type"":""MultiPoint"",""coordinates"":[]}"
0_2_3,4043.957947223338,12,3,1985,"{""type"":""MultiPoint"",""coordinates"":[]}"
0_2_4,895.9805875302029,15,3,1985,"{""type"":""MultiPoint"",""coordinates"":[]}"
0_2_5,3885.781707902863,21,3,1985,"{""type"":""MultiPoint"",""coordinates"":[]}"
0_2_6,23.79175596069332,24,3,1985,"{""type"":""MultiPoint"",""coordinates"":[]}"
0_2_7,123.3296611477055,25,3,1985,"{""type"":""MultiPoint"",""coordinates"":[]}"
0_2_8,19.485674400817864,33,3,1985,"{""type"":""MultiPoint"",""coordinates"":[]}"
0_3_0,1876.9202767688785,3,4,1985,"{""type"":""MultiPoint"",""coordinates"":[]}"
0_3_1,20670.396448140877,4,4,1985,"{""type"":""MultiPoint"",""coordinates"":[]}"
0_3_2,37.867334996093774,11,4,1985,"{""type"":""MultiPoint"",""coordinates"":[]}"
0_3_3,2816.599367243709,12,4,1985,"{""type"":""MultiPoint"",""coordinates"":[]}"
0_3_4,58.03540934942673,15,4,1985,"{""type"":""MultiPoint"",""coordinates"":[]}"
0_3_5,532.9473604945168,21,4,1985,"{""type"":""MultiPoint"",""coordinates"":[]}"
0_3_6,39.987940346680055,24,4,1985,"{""type"":""MultiPoint"",""coordinates"":[]}"
0_3_7,54.167431513427594,25,4,1985,"{""type"":""MultiPoint"",""coordinates"":[]}"
0_3_8,46.5208253256833,33,4,1985,"{""type"":""MultiPoint"",""coordinates"":[]}"
0_4_0,6741.75540611192,3,5,1985,"{""type"":""MultiPoint"",""coordinates"":[]}"
0_4_1,85373.03463419361,4,5,1985,"{""type"":""MultiPoint"",""coordinates"":[]}"
0_4_2,557.0585561171279,11,5,1985,"{""type"":""MultiPoint"",""coordinates"":[]}"
0_4_3,19491.172497562326,12,5,1985,"{""type"":""MultiPoint"",""coordinates"":[]}"
0_4_4,150.76549833142093,15,5,1985,"{""type"":""MultiPoint"",""coordinates"":[]}"
0_4_5,2772.124191300047,21,5,1985,"{""type"":""MultiPoint"",""coordinates"":[]}"
0_4_6,54.04129773577904,24,5,1985,"{""type"":""MultiPoint"",""coordinates"":[]}"
0_4_7,315.4530189680865,25,5,1985,"{""type"":""MultiPoint"",""coordinates"":[]}"
0_4_8,0.004411111389160156,29,5,1985,"{""type"":""MultiPoint"",""coordinates"":[]}"
0_4_9,439.530230890684,33,5,1985,"{""type"":""MultiPoint"",""coordinates"":[]}"
0_4_10,0.16674377880859348,41,5,1985,"{""type"":""MultiPoint"",""coordinates"":[]}"
0_5_0,12258.660493835787,3,6,1985,"{""type"":""MultiPoint"",""coordinates"":[]}"
0_5_1,20014.19658033661,4,6,1985,"{""type"":""MultiPoint"",""coordinates"":[]}"
0_5_2,36.76946938891599,11,6,1985,"{""type"":""MultiPoint"",""coordinates"":[]}"
0_5_3,3756.364699776408,12,6,1985,"{""type"":""MultiPoint"",""coordinates"":[]}"
0_5_4,3604.2148763536043,15,6,1985,"{""type"":""MultiPoint"",""coordinates"":[]}"
0_5_5,2071.4891474636324,21,6,1985,"{""type"":""MultiPoint"",""coordinates"":[]}"
0_5_6,119.45562504369998,24,6,1985,"{""type"":""MultiPoint"",""coordinates"":[]}"
0_5_7,126.50375882537834,25,6,1985,"{""type"":""MultiPoint"",""coordinates"":[]}"
0_5_8,300.6280038383154,33,6,1985,"{""type"":""MultiPoint"",""coordinates"":[]}"
0_5_9,8.873278198242187E-4,41,6,1985,"{""type"":""MultiPoint"",""coordinates"":[]}"
0_6_0,1446.5829743874106,3,7,1985,"{""type"":""MultiPoint"",""coordinates"":[]}"
0_6_1,14911.208860643394,4,7,1985,"{""type"":""MultiPoint"",""coordinates"":[]}"
0_6_2,574.0262793572357,11,7,1985,"{""type"":""MultiPoint"",""coordinates"":[]}"
0_6_3,14833.768880311267,12,7,1985,"{""type"":""MultiPoint"",""coordinates"":[]}"
0_6_4,138.47725216583223,15,7,1985,"{""type"":""MultiPoint"",""coordinates"":[]}"
0_6_5,946.585466987432,21,7,1985,"{""type"":""MultiPoint"",""coordinates"":[]}"
0_6_6,3.049063148864727,23,7,1985,"{""type"":""MultiPoint"",""coordinates"":[]}"
0_6_7,7.574639903625496,24,7,1985,"{""type"":""MultiPoint"",""coordinates"":[]}"
0_6_8,380.44490915942583,25,7,1985,"{""type"":""MultiPoint"",""coordinates"":[]}"
0_6_9,23.703531034790036,33,7,1985,"{""type"":""MultiPoint"",""coordinates"":[]}"
0_6_10,0.02107530676269532,39,7,1985,"{""type"":""MultiPoint"",""coordinates"":[]}"
0_6_11,47.90287894232201,41,7,1985,"{""type"":""MultiPoint"",""coordinates"":[]}"
0_6_12,40.0863927415771,46,7,1985,"{""type"":""MultiPoint"",""coordinates"":[]}"
0_7_0,12463.419888726734,3,8,1985,"{""type"":""MultiPoint"",""coordinates"":[]}"
0_7_1,61846.29560979741,4,8,1985,"{""type"":""MultiPoint"",""coordinates"":[]}"
0_7_2,492.99112719519155,11,8,1985,"{""type"":""MultiPoint"",""coordinates"":[]}"
0_7_3,3633.356819919425,12,8,1985,"{""type"":""MultiPoint"",""coordinates"":[]}"
0_7_4,14102.321966913614,15,8,1985,"{""type"":""MultiPoint"",""coordinates"":[]}"
0_7_5,8857.521610842889,21,8,1985,"{""type"":""MultiPoint"",""coordinates"":[]}"
0_7_6,114.88462164984121,24,8,1985,"{""type"":""MultiPoint"",""coordinates"":[]}"
0_7_7,336.74311116381824,25,8,1985,"{""type"":""MultiPoint"",""coordinates"":[]}"
0_7_8,2.659906850708003,30,8,1985,"{""type"":""MultiPoint"",""coordinates"":[]}"
0_7_9,537.4047688853137,33,8,1985,"{""type"":""MultiPoint"",""coordinates"":[]}"
0_7_10,1.5675643731689426,41,8,1985,"{""type"":""MultiPoint"",""coordinates"":[]}"
0_8_0,1898.8300775830444,3,9,1985,"{""type"":""MultiPoint"",""coordinates"":[]}"
0_8_1,14741.652635504232,4,9,1985,"{""type"":""MultiPoint"",""coordinates"":[]}"
0_8_2,105.29543398779246,11,9,1985,"{""type"":""MultiPoint"",""coordinates"":[]}"
0_8_3,2965.458128552501,12,9,1985,"{""type"":""MultiPoint"",""coordinates"":[]}"
0_8_4,5828.071630455942,15,9,1985,"{""type"":""MultiPoint"",""coordinates"":[]}"
0_8_5,2597.6343756135807,21,9,1985,"{""type"":""MultiPoint"",""coordinates"":[]}"
0_8_6,18.07179651397708,24,9,1985,"{""type"":""MultiPoint"",""coordinates"":[]}"
0_8_7,211.39566054674907,25,9,1985,"{""type"":""MultiPoint"",""coordinates"":[]}"
0_8_8,0.39338718835449205,30,9,1985,"{""type"":""MultiPoint"",""coordinates"":[]}"
0_8_9,67.03936138586423,33,9,1985,"{""type"":""MultiPoint"",""coordinates"":[]}"
0_8_10,7.4763068645019395,39,9,1985,"{""type"":""MultiPoint"",""coordinates"":[]}"
0_8_11,8.297086685302737,41,9,1985,"{""type"":""MultiPoint"",""coordinates"":[]}"
0_8_12,125.75146138506076,46,9,1985,"{""type"":""MultiPoint"",""coordinates"":[]}"
0_9_0,5456.615189878999,3,10,1985,"{""type"":""MultiPoint"",""coordinates"":[]}"
0_9_1,59154.43053358611,4,10,1985,"{""type"":""MultiPoint"",""coordinates"":[]}"
0_9_2,0.9293025136108388,9,10,1985,"{""type"":""MultiPoint"",""coordinates"":[]}"
0_9_3,1659.5551892551907,11,10,1985,"{""type"":""MultiPoint"",""coordinates"":[]}"
0_9_4,38647.971852745184,12,10,1985,"{""type"":""MultiPoint"",""coordinates"":[]}"
0_9_5,3378.5865241811744,15,10,1985,"{""type"":""MultiPoint"",""coordinates"":[]}"
0_9_6,3936.0575143939573,21,10,1985,"{""type"":""MultiPoint"",""coordinates"":[]}"
0_9_7,23.248747468261758,24,10,1985,"{""type"":""MultiPoint"",""coordinates"":[]}"
0_9_8,168.35529681530733,25,10,1985,"{""type"":""MultiPoint"",""coordinates"":[]}"
0_9_9,0.0017399544677734375,29,10,1985,"{""type"":""MultiPoint"",""coordinates"":[]}"
0_9_10,89.4633607966316,33,10,1985,"{""type"":""MultiPoint"",""coordinates"":[]}"
0_9_11,89.06145066259752,39,10,1985,"{""type"":""MultiPoint"",""coordinates"":[]}"
0_9_12,1717.6376782536638,41,10,1985,"{""type"":""MultiPoint"",""coordinates"":[]}"
0_9_13,239.40443601971427,46,10,1985,"{""type"":""MultiPoint"",""coordinates"":[]}"
0_9_14,14.480139037292421,48,10,1985,"{""type"":""MultiPoint"",""coordinates"":[]}"
0_10_0,905.5999488564311,3,11,1985,"{""type"":""MultiPoint"",""coordinates"":[]}"
0_10_1,16528.773635272697,4,11,1985,"{""type"":""MultiPoint"",""coordinates"":[]}"
0_10_2,232.21617493371383,11,11,1985,"{""type"":""MultiPoint"",""coordinates"":[]}"
0_10_3,1730.6812369426984,12,11,1985,"{""type"":""MultiPoint"",""coordinates"":[]}"
0_10_4,742.6789410476099,15,11,1985,"{""type"":""MultiPoint"",""coordinates"":[]}"
0_10_5,399.06227173022455,21,11,1985,"{""type"":""MultiPoint"",""coordinates"":[]}"
0_10_6,16.745836661621073,24,11,1985,"{""type"":""MultiPoint"",""coordinates"":[]}"
0_10_7,41.302695100952164,25,11,1985,"{""type"":""MultiPoint"",""coordinates"":[]}"
0_10_8,0.0035029329223632815,29,11,1985,"{""type"":""MultiPoint"",""coordinates"":[]}"
0_10_9,40.58208991046132,33,11,1985,"{""type"":""MultiPoint"",""coordinates"":[]}"
0_10_10,47.70968583825709,41,11,1985,"{""type"":""MultiPoint"",""coordinates"":[]}"
0_10_11,258.1628215805071,46,11,1985,"{""type"":""MultiPoint"",""coordinates"":[]}"
0_10_12,21.05846682122817,48,11,1985,"{""type"":""MultiPoint"",""coordinates"":[]}"
0_11_0,939.3951899569109,3,12,1985,"{""type"":""MultiPoint"",""coordinates"":[]}"
0_11_1,6591.384150883536,4,12,1985,"{""type"":""MultiPoint"",""coordinates"":[]}"
0_11_2,15.527889766113237,9,12,1985,"{""type"":""MultiPoint"",""coordinates"":[]}"
0_11_3,30.67430525024424,11,12,1985,"{""type"":""MultiPoint"",""coordinates"":[]}"
0_11_4,145.24161699633743,12,12,1985,"{""type"":""MultiPoint"",""coordinates"":[]}"
0_11_5,2390.427529028902,15,12,1985,"{""type"":""MultiPoint"",""coordinates"":[]}"
0_11_6,1865.661237331218,21,12,1985,"{""type"":""MultiPoint"",""coordinates"":[]}"
0_11_7,43.39393645245346,24,12,1985,"{""type"":""MultiPoint"",""coordinates"":[]}"
0_11_8,11.525341454956065,25,12,1985,"{""type"":""MultiPoint"",""coordinates"":[]}"
0_11_9,0.09363402453613284,29,12,1985,"{""type"":""MultiPoint"",""coordinates"":[]}"
0_11_10,1.04503848718262,30,12,1985,"{""type"":""MultiPoint"",""coordinates"":[]}"
0_11_11,64.86421755731169,33,12,1985,"{""type"":""MultiPoint"",""coordinates"":[]}"
0_11_12,2.899329971313476,46,12,1985,"{""type"":""MultiPoint"",""coordinates"":[]}"
0_11_13,0.6501484054565424,48,12,1985,"{""type"":""MultiPoint"",""coordinates"":[]}"
0_12_0,8418.464450156975,3,13,1985,"{""type"":""MultiPoint"",""coordinates"":[]}"
0_12_1,16475.37298651126,4,13,1985,"{""type"":""MultiPoint"",""coordinates"":[]}"
0_12_2,159.013888252686,11,13,1985,"{""type"":""MultiPoint"",""coordinates"":[]}"
0_12_3,3051.9115929990776,12,13,1985,"{""type"":""MultiPoint"",""coordinates"":[]}"
0_12_4,12595.580100272737,15,13,1985,"{""type"":""MultiPoint"",""coordinates"":[]}"
0_12_5,3.5612109837646404,20,13,1985,"{""type"":""MultiPoint"",""coordinates"":[]}"
0_12_6,5075.531799628079,21,13,1985,"{""type"":""MultiPoint"",""coordinates"":[]}"
0_12_7,68.77883855493164,24,13,1985,"{""type"":""MultiPoint"",""coordinates"":[]}"
0_12_8,316.9840316480093,25,13,1985,"{""type"":""MultiPoint"",""coordinates"":[]}"
0_12_9,1.7197177471923828,30,13,1985,"{""type"":""MultiPoint"",""coordinates"":[]}"
0_12_10,190.57429787243652,33,13,1985,"{""type"":""MultiPoint"",""coordinates"":[]}"
0_12_11,0.9009894508056653,39,13,1985,"{""type"":""MultiPoint"",""coordinates"":[]}"
0_12_12,36.28588108453334,41,13,1985,"{""type"":""MultiPoint"",""coordinates"":[]}"
0_12_13,10.939884124999997,46,13,1985,"{""type"":""MultiPoint"",""coordinates"":[]}"
0_13_0,8701.084864906827,3,14,1985,"{""type"":""MultiPoint"",""coordinates"":[]}"
0_13_1,30649.606688315223,4,14,1985,"{""type"":""MultiPoint"",""coordinates"":[]}"
0_13_2,550.0336209158215,9,14,1985,"{""type"":""MultiPoint"",""coordinates"":[]}"
0_13_3,977.6450258147654,11,14,1985,"{""type"":""MultiPoint"",""coordinates"":[]}"
0_13_4,11369.754092559242,12,14,1985,"{""type"":""MultiPoint"",""coordinates"":[]}"
0_13_5,21411.030498781365,15,14,1985,"{""type"":""MultiPoint"",""coordinates"":[]}"
0_13_6,12418.663084947384,21,14,1985,"{""type"":""MultiPoint"",""coordinates"":[]}"
0_13_7,115.34498152142349,24,14,1985,"{""type"":""MultiPoint"",""coordinates"":[]}"
0_13_8,412.17982731695315,25,14,1985,"{""type"":""MultiPoint"",""coordinates"":[]}"
0_13_9,1.2490615176391613,30,14,1985,"{""type"":""MultiPoint"",""coordinates"":[]}"
0_13_10,227.8516168977658,33,14,1985,"{""type"":""MultiPoint"",""coordinates"":[]}"
0_13_11,605.8790621422116,39,14,1985,"{""type"":""MultiPoint"",""coordinates"":[]}"
0_13_12,661.0365522210113,41,14,1985,"{""type"":""MultiPoint"",""coordinates"":[]}"
0_13_13,550.9033167158798,46,14,1985,"{""type"":""MultiPoint"",""coordinates"":[]}"
0_13_14,4.287421995300294,48,14,1985,"{""type"":""MultiPoint"",""coordinates"":[]}"
0_14_0,9903.491258381551,3,15,1985,"{""type"":""MultiPoint"",""coordinates"":[]}"
0_14_1,27091.601003747186,4,15,1985,"{""type"":""MultiPoint"",""coordinates"":[]}"
0_14_2,1323.737412968945,9,15,1985,"{""type"":""MultiPoint"",""coordinates"":[]}"
0_14_3,148.59964950500523,11,15,1985,"{""type"":""MultiPoint"",""coordinates"":[]}"
0_14_4,6261.247728114134,12,15,1985,"{""type"":""MultiPoint"",""coordinates"":[]}"
0_14_5,5996.258173136812,15,15,1985,"{""type"":""MultiPoint"",""coordinates"":[]}"
0_14_6,3332.0058516694476,21,15,1985,"{""type"":""MultiPoint"",""coordinates"":[]}"
0_14_7,39.00385430725108,24,15,1985,"{""type"":""MultiPoint"",""coordinates"":[]}"
0_14_8,392.5745671308591,25,15,1985,"{""type"":""MultiPoint"",""coordinates"":[]}"
0_14_9,0.2639636500244141,29,15,1985,"{""type"":""MultiPoint"",""coordinates"":[]}"
0_14_10,87.18395022479267,33,15,1985,"{""type"":""MultiPoint"",""coordinates"":[]}"
0_14_11,30.726782835144032,46,15,1985,"{""type"":""MultiPoint"",""coordinates"":[]}"
0_14_12,1.4179889017334009,48,15,1985,"{""type"":""MultiPoint"",""coordinates"":[]}"
0_15_0,4079.335594246436,3,16,1985,"{""type"":""MultiPoint"",""coordinates"":[]}"
0_15_1,1226.4306106429947,4,16,1985,"{""type"":""MultiPoint"",""coordinates"":[]}"
0_15_2,1563.0141655988034,9,16,1985,"{""type"":""MultiPoint"",""coordinates"":[]}"
0_15_3,921.811585769352,11,16,1985,"{""type"":""MultiPoint"",""coordinates"":[]}"
0_15_4,870.6408706237688,12,16,1985,"{""type"":""MultiPoint"",""coordinates"":[]}"
0_15_5,15109.998361360964,15,16,1985,"{""type"":""MultiPoint"",""coordinates"":[]}"
0_15_6,841.0137752972871,20,16,1985,"{""type"":""MultiPoint"",""coordinates"":[]}"
0_15_7,4193.763364815887,21,16,1985,"{""type"":""MultiPoint"",""coordinates"":[]}"
0_15_8,192.56455416686995,24,16,1985,"{""type"":""MultiPoint"",""coordinates"":[]}"
0_15_9,139.81235383032208,25,16,1985,"{""type"":""MultiPoint"",""coordinates"":[]}"
0_15_10,567.3260636683306,33,16,1985,"{""type"":""MultiPoint"",""coordinates"":[]}"
0_15_11,113.17642309015096,39,16,1985,"{""type"":""MultiPoint"",""coordinates"":[]}"
0_15_12,1354.9673662785217,41,16,1985,"{""type"":""MultiPoint"",""coordinates"":[]}"
0_15_13,60.69228715057375,46,16,1985,"{""type"":""MultiPoint"",""coordinates"":[]}"
0_15_14,42.22632744775405,47,16,1985,"{""type"":""MultiPoint"",""coordinates"":[]}"
0_15_15,2.111492020141605,48,16,1985,"{""type"":""MultiPoint"",""coordinates"":[]}"
0_16_0,10492.241321185233,3,17,1985,"{""type"":""MultiPoint"",""coordinates"":[]}"
0_16_1,10503.581304830406,4,17,1985,"{""type"":""MultiPoint"",""coordinates"":[]}"
0_16_2,537.6265962424243,9,17,1985,"{""type"":""MultiPoint"",""coordinates"":[]}"
0_16_3,787.5790750178137,11,17,1985,"{""type"":""MultiPoint"",""coordinates"":[]}"
0_16_4,4651.9137089296755,12,17,1985,"{""type"":""MultiPoint"",""coordinates"":[]}"
0_16_5,33938.898501805576,15,17,1985,"{""type"":""MultiPoint"",""coordinates"":[]}"
0_16_6,7.802316616943343,20,17,1985,"{""type"":""MultiPoint"",""coordinates"":[]}"
0_16_7,11032.817928872939,21,17,1985,"{""type"":""MultiPoint"",""coordinates"":[]}"
0_16_8,557.7961324863335,24,17,1985,"{""type"":""MultiPoint"",""coordinates"":[]}"
0_16_9,66.87823846020504,25,17,1985,"{""type"":""MultiPoint"",""coordinates"":[]}"
0_16_10,5.083348312683124,30,17,1985,"{""type"":""MultiPoint"",""coordinates"":[]}"
0_16_11,2079.16015936209,33,17,1985,"{""type"":""MultiPoint"",""coordinates"":[]}"
0_16_12,0.1672800046386718,39,17,1985,"{""type"":""MultiPoint"",""coordinates"":[]}"
0_16_13,45.79262965173306,41,17,1985,"{""type"":""MultiPoint"",""coordinates"":[]}"
0_16_14,203.77492380108743,46,17,1985,"{""type"":""MultiPoint"",""coordinates"":[]}"
0_16_15,1.5130774746704136,48,17,1985,"{""type"":""MultiPoint"",""coordinates"":[]}"
0_17_0,2152.171079625567,3,18,1985,"{""type"":""MultiPoint"",""coordinates"":[]}"
0_17_1,2288.0372858867054,4,18,1985,"{""type"":""MultiPoint"",""coordinates"":[]}"
0_17_2,35.24442473052917,9,18,1985,"{""type"":""MultiPoint"",""coordinates"":[]}"
0_17_3,806.0075390622555,11,18,1985,"{""type"":""MultiPoint"",""coordinates"":[]}"
0_17_4,188.00828507501262,12,18,1985,"{""type"":""MultiPoint"",""coordinates"":[]}"
0_17_5,19677.462039137423,15,18,1985,"{""type"":""MultiPoint"",""coordinates"":[]}"
0_17_6,7.966199545532206,20,18,1985,"{""type"":""MultiPoint"",""coordinates"":[]}"
0_17_7,3426.080675094343,21,18,1985,"{""type"":""MultiPoint"",""coordinates"":[]}"
0_17_8,44.39292710211095,24,18,1985,"{""type"":""MultiPoint"",""coordinates"":[]}"
0_17_9,50.197543567199745,25,18,1985,"{""type"":""MultiPoint"",""coordinates"":[]}"
0_17_10,33.59870164703373,33,18,1985,"{""type"":""MultiPoint"",""coordinates"":[]}"
0_17_11,8.386297449890156,39,18,1985,"{""type"":""MultiPoint"",""coordinates"":[]}"
0_17_12,320.64509742138546,41,18,1985,"{""type"":""MultiPoint"",""coordinates"":[]}"
0_17_13,5.744946666442862,46,18,1985,"{""type"":""MultiPoint"",""coordinates"":[]}"
0_18_0,2800.066546859367,3,19,1985,"{""type"":""MultiPoint"",""coordinates"":[]}"
0_18_1,1128.9510880738508,4,19,1985,"{""type"":""MultiPoint"",""coordinates"":[]}"
0_18_2,106.83369738580419,9,19,1985,"{""type"":""MultiPoint"",""coordinates"":[]}"
0_18_3,819.4742329037522,11,19,1985,"{""type"":""MultiPoint"",""coordinates"":[]}"
0_18_4,126.67320237420631,12,19,1985,"{""type"":""MultiPoint"",""coordinates"":[]}"
0_18_5,8563.014242309075,15,19,1985,"{""type"":""MultiPoint"",""coordinates"":[]}"
0_18_6,2174.0742821535214,20,19,1985,"{""type"":""MultiPoint"",""coordinates"":[]}"
0_18_7,4771.973431044631,21,19,1985,"{""type"":""MultiPoint"",""coordinates"":[]}"
0_18_8,315.8669230538932,24,19,1985,"{""type"":""MultiPoint"",""coordinates"":[]}"
0_18_9,330.81954173449566,25,19,1985,"{""type"":""MultiPoint"",""coordinates"":[]}"
0_18_10,1.54544648400879,30,19,1985,"{""type"":""MultiPoint"",""coordinates"":[]}"
0_18_11,408.12945831379267,33,19,1985,"{""type"":""MultiPoint"",""coordinates"":[]}"
0_18_12,3.057486719055178,39,19,1985,"{""type"":""MultiPoint"",""coordinates"":[]}"
0_18_13,808.9839758099996,41,19,1985,"{""type"":""MultiPoint"",""coordinates"":[]}"
0_18_14,50.29754451544183,46,19,1985,"{""type"":""MultiPoint"",""coordinates"":[]}"
0_18_15,115.04867642773348,47,19,1985,"{""type"":""MultiPoint"",""coordinates"":[]}"
0_18_16,0.04782525567626954,48,19,1985,"{""type"":""MultiPoint"",""coordinates"":[]}"
0_19_0,1483.787250314568,3,20,1985,"{""type"":""MultiPoint"",""coordinates"":[]}"
0_19_1,837.9994118150689,4,20,1985,"{""type"":""MultiPoint"",""coordinates"":[]}"
0_19_2,645.7903084646389,9,20,1985,"{""type"":""MultiPoint"",""coordinates"":[]}"
0_19_3,429.84955458856257,11,20,1985,"{""type"":""MultiPoint"",""coordinates"":[]}"
0_19_4,315.440097686708,12,20,1985,"{""type"":""MultiPoint"",""coordinates"":[]}"
0_19_5,5470.877988433059,15,20,1985,"{""type"":""MultiPoint"",""coordinates"":[]}"
0_19_6,2.3589849503784337,20,20,1985,"{""type"":""MultiPoint"",""coordinates"":[]}"
0_19_7,2205.353809370107,21,20,1985,"{""type"":""MultiPoint"",""coordinates"":[]}"
0_19_8,94.73244859875471,24,20,1985,"{""type"":""MultiPoint"",""coordinates"":[]}"
0_19_9,106.22249386913842,25,20,1985,"{""type"":""MultiPoint"",""coordinates"":[]}"
0_19_10,35.95514909844945,33,20,1985,"{""type"":""MultiPoint"",""coordinates"":[]}"
0_19_11,41.16898790307575,39,20,1985,"{""type"":""MultiPoint"",""coordinates"":[]}"
0_19_12,960.6328627710008,41,20,1985,"{""type"":""MultiPoint"",""coordinates"":[]}"
0_19_13,46.14816513806098,46,20,1985,"{""type"":""MultiPoint"",""coordinates"":[]}"
0_20_0,6763.991873332215,3,21,1985,"{""type"":""MultiPoint"",""coordinates"":[]}"
0_20_1,8663.73093152569,4,21,1985,"{""type"":""MultiPoint"",""coordinates"":[]}"
0_20_2,34.550821180908486,9,21,1985,"{""type"":""MultiPoint"",""coordinates"":[]}"
0_20_3,272.5942599925538,11,21,1985,"{""type"":""MultiPoint"",""coordinates"":[]}"
0_20_4,5987.305647759674,12,21,1985,"{""type"":""MultiPoint"",""coordinates"":[]}"
0_20_5,14639.575834096273,15,21,1985,"{""type"":""MultiPoint"",""coordinates"":[]}"
0_20_6,5475.114689900263,21,21,1985,"{""type"":""MultiPoint"",""coordinates"":[]}"
0_20_7,443.21000849682184,24,21,1985,"{""type"":""MultiPoint"",""coordinates"":[]}"
0_20_8,359.44121877667266,25,21,1985,"{""type"":""MultiPoint"",""coordinates"":[]}"
0_20_9,1.0757254639892602,30,21,1985,"{""type"":""MultiPoint"",""coordinates"":[]}"
0_20_10,194.19617986010726,33,21,1985,"{""type"":""MultiPoint"",""coordinates"":[]}"
0_20_11,448.6686487189884,39,21,1985,"{""type"":""MultiPoint"",""coordinates"":[]}"
0_20_12,514.0036935014025,41,21,1985,"{""type"":""MultiPoint"",""coordinates"":[]}"
0_20_13,117.44454606494162,46,21,1985,"{""type"":""MultiPoint"",""coordinates"":[]}"
0_21_0,4604.938338686079,3,22,1985,"{""type"":""MultiPoint"",""coordinates"":[]}"
0_21_1,1785.3515325411406,4,22,1985,"{""type"":""MultiPoint"",""coordinates"":[]}"
0_21_2,161.7262349938351,11,22,1985,"{""type"":""MultiPoint"",""coordinates"":[]}"
0_21_3,264.93907195282344,12,22,1985,"{""type"":""MultiPoint"",""coordinates"":[]}"
0_21_4,17302.83119383639,15,22,1985,"{""type"":""MultiPoint"",""coordinates"":[]}"
0_21_5,0.017177169311523438,20,22,1985,"{""type"":""MultiPoint"",""coordinates"":[]}"
0_21_6,3480.466701425879,21,22,1985,"{""type"":""MultiPoint"",""coordinates"":[]}"
0_21_7,450.0690980458082,24,22,1985,"{""type"":""MultiPoint"",""coordinates"":[]}"
0_21_8,85.25682861395228,25,22,1985,"{""type"":""MultiPoint"",""coordinates"":[]}"
0_21_9,1.620348221557624,30,22,1985,"{""type"":""MultiPoint"",""coordinates"":[]}"
0_21_10,37.63934450482175,33,22,1985,"{""type"":""MultiPoint"",""coordinates"":[]}"
0_21_11,63.80370240460193,39,22,1985,"{""type"":""MultiPoint"",""coordinates"":[]}"
0_21_12,179.09353431176868,41,22,1985,"{""type"":""MultiPoint"",""coordinates"":[]}"
0_21_13,23.587713019226,46,22,1985,"{""type"":""MultiPoint"",""coordinates"":[]}"
0_22_0,2986.7717102841443,3,23,1985,"{""type"":""MultiPoint"",""coordinates"":[]}"
0_22_1,1585.5327540728508,4,23,1985,"{""type"":""MultiPoint"",""coordinates"":[]}"
0_22_2,214.1981314624027,9,23,1985,"{""type"":""MultiPoint"",""coordinates"":[]}"
0_22_3,247.3027359597175,11,23,1985,"{""type"":""MultiPoint"",""coordinates"":[]}"
0_22_4,1066.260690229894,12,23,1985,"{""type"":""MultiPoint"",""coordinates"":[]}"
0_22_5,12688.644911921057,15,23,1985,"{""type"":""MultiPoint"",""coordinates"":[]}"
0_22_6,14.002621148071212,20,23,1985,"{""type"":""MultiPoint"",""coordinates"":[]}"
0_22_7,3093.55318370946,21,23,1985,"{""type"":""MultiPoint"",""coordinates"":[]}"
0_22_8,52.33123713128578,24,23,1985,"{""type"":""MultiPoint"",""coordinates"":[]}"
0_22_9,108.66502963690213,25,23,1985,"{""type"":""MultiPoint"",""coordinates"":[]}"
0_22_10,7.114696755065888,30,23,1985,"{""type"":""MultiPoint"",""coordinates"":[]}"
0_22_11,780.8476291703281,33,23,1985,"{""type"":""MultiPoint"",""coordinates"":[]}"
0_22_12,1.4137587567749066,39,23,1985,"{""type"":""MultiPoint"",""coordinates"":[]}"
0_22_13,280.3977011608227,41,23,1985,"{""type"":""MultiPoint"",""coordinates"":[]}"
0_22_14,60.79517770831294,46,23,1985,"{""type"":""MultiPoint"",""coordinates"":[]}"
0_23_0,7073.771317098443,3,24,1985,"{""type"":""MultiPoint"",""coordinates"":[]}"
0_23_1,31433.015389746473,4,24,1985,"{""type"":""MultiPoint"",""coordinates"":[]}"
0_23_2,662.6357448831803,11,24,1985,"{""type"":""MultiPoint"",""coordinates"":[]}"
0_23_3,14915.53640442069,12,24,1985,"{""type"":""MultiPoint"",""coordinates"":[]}"
0_23_4,625.759291015561,15,24,1985,"{""type"":""MultiPoint"",""coordinates"":[]}"
0_23_5,909.3270494619757,21,24,1985,"{""type"":""MultiPoint"",""coordinates"":[]}"
0_23_6,19.430911769470182,24,24,1985,"{""type"":""MultiPoint"",""coordinates"":[]}"
0_23_7,71.06008131146251,25,24,1985,"{""type"":""MultiPoint"",""coordinates"":[]}"
0_23_8,242.88799944982821,33,24,1985,"{""type"":""MultiPoint"",""coordinates"":[]}"
0_23_9,0.12831791326904296,41,24,1985,"{""type"":""MultiPoint"",""coordinates"":[]}"
0_24_0,26882.35571669962,3,25,1985,"{""type"":""MultiPoint"",""coordinates"":[]}"
0_24_1,55864.127945818786,4,25,1985,"{""type"":""MultiPoint"",""coordinates"":[]}"
0_24_2,5939.44676876139,11,25,1985,"{""type"":""MultiPoint"",""coordinates"":[]}"
0_24_3,6705.603810398414,12,25,1985,"{""type"":""MultiPoint"",""coordinates"":[]}"
0_24_4,33086.495989589996,15,25,1985,"{""type"":""MultiPoint"",""coordinates"":[]}"
0_24_5,15327.11257097035,21,25,1985,"{""type"":""MultiPoint"",""coordinates"":[]}"
0_24_6,103.00712477465824,24,25,1985,"{""type"":""MultiPoint"",""coordinates"":[]}"
0_24_7,267.71052938543687,25,25,1985,"{""type"":""MultiPoint"",""coordinates"":[]}"
0_24_8,0.3564611614990239,30,25,1985,"{""type"":""MultiPoint"",""coordinates"":[]}"
0_24_9,1499.673092558591,33,25,1985,"{""type"":""MultiPoint"",""coordinates"":[]}"
0_24_10,9.17823017987065,39,25,1985,"{""type"":""MultiPoint"",""coordinates"":[]}"
0_24_11,50.15576171740656,40,25,1985,"{""type"":""MultiPoint"",""coordinates"":[]}"
0_24_12,37.02219868414305,41,25,1985,"{""type"":""MultiPoint"",""coordinates"":[]}"
0_24_13,4.374495260620113,46,25,1985,"{""type"":""MultiPoint"",""coordinates"":[]}"
0_25_0,10653.30518989149,3,26,1985,"{""type"":""MultiPoint"",""coordinates"":[]}"
0_25_1,21365.65789090319,4,26,1985,"{""type"":""MultiPoint"",""coordinates"":[]}"
0_25_2,28531.157968154825,11,26,1985,"{""type"":""MultiPoint"",""coordinates"":[]}"
0_25_3,5014.147133475274,12,26,1985,"{""type"":""MultiPoint"",""coordinates"":[]}"
0_25_4,2834.3631350626074,15,26,1985,"{""type"":""MultiPoint"",""coordinates"":[]}"
0_25_5,2406.091775950455,21,26,1985,"{""type"":""MultiPoint"",""coordinates"":[]}"
0_25_6,15.470419704284597,24,26,1985,"{""type"":""MultiPoint"",""coordinates"":[]}"
0_25_7,144.61627464526538,25,26,1985,"{""type"":""MultiPoint"",""coordinates"":[]}"
0_25_8,0.44588717639160125,30,26,1985,"{""type"":""MultiPoint"",""coordinates"":[]}"
0_25_9,1214.7515411173674,33,26,1985,"{""type"":""MultiPoint"",""coordinates"":[]}"
0_25_10,2.1688441740722566,39,26,1985,"{""type"":""MultiPoint"",""coordinates"":[]}"
0_25_11,16.336717577514577,40,26,1985,"{""type"":""MultiPoint"",""coordinates"":[]}"
0_25_12,1.337653696655272,41,26,1985,"{""type"":""MultiPoint"",""coordinates"":[]}"
0_26_0,3827.9873663595567,3,27,1985,"{""type"":""MultiPoint"",""coordinates"":[]}"
0_26_1,27312.37487554549,4,27,1985,"{""type"":""MultiPoint"",""coordinates"":[]}"
0_26_2,467.5949676580211,11,27,1985,"{""type"":""MultiPoint"",""coordinates"":[]}"
0_26_3,2678.7530026036984,12,27,1985,"{""type"":""MultiPoint"",""coordinates"":[]}"
0_26_4,3225.095386316188,15,27,1985,"{""type"":""MultiPoint"",""coordinates"":[]}"
0_26_5,6732.983456425674,21,27,1985,"{""type"":""MultiPoint"",""coordinates"":[]}"
0_26_6,14.842849778686606,24,27,1985,"{""type"":""MultiPoint"",""coordinates"":[]}"
0_26_7,143.82544568609748,25,27,1985,"{""type"":""MultiPoint"",""coordinates"":[]}"
0_26_8,0.429073734924317,30,27,1985,"{""type"":""MultiPoint"",""coordinates"":[]}"
0_26_9,49.12405771221915,33,27,1985,"{""type"":""MultiPoint"",""coordinates"":[]}"
0_26_10,66.65061834350631,39,27,1985,"{""type"":""MultiPoint"",""coordinates"":[]}"
0_26_11,47.34034905975346,41,27,1985,"{""type"":""MultiPoint"",""coordinates"":[]}"
0_27_0,10723.143262765414,3,28,1985,"{""type"":""MultiPoint"",""coordinates"":[]}"
0_27_1,28633.380988466884,4,28,1985,"{""type"":""MultiPoint"",""coordinates"":[]}"
0_27_2,595.6039109845595,11,28,1985,"{""type"":""MultiPoint"",""coordinates"":[]}"
0_27_3,457.60784554937294,12,28,1985,"{""type"":""MultiPoint"",""coordinates"":[]}"
0_27_4,2290.218181306773,15,28,1985,"{""type"":""MultiPoint"",""coordinates"":[]}"
0_27_5,0.3681835984497072,20,28,1985,"{""type"":""MultiPoint"",""coordinates"":[]}"
0_27_6,5190.7506100785595,21,28,1985,"{""type"":""MultiPoint"",""coordinates"":[]}"
0_27_7,152.0791350656794,24,28,1985,"{""type"":""MultiPoint"",""coordinates"":[]}"
0_27_8,184.29479148095592,25,28,1985,"{""type"":""MultiPoint"",""coordinates"":[]}"
0_27_9,20.00924539276118,30,28,1985,"{""type"":""MultiPoint"",""coordinates"":[]}"
0_27_10,101.74477366619855,33,28,1985,"{""type"":""MultiPoint"",""coordinates"":[]}"
0_27_11,221.23207937853132,39,28,1985,"{""type"":""MultiPoint"",""coordinates"":[]}"
0_27_12,604.3083112922982,41,28,1985,"{""type"":""MultiPoint"",""coordinates"":[]}"
0_28_0,35457.15888226181,3,29,1985,"{""type"":""MultiPoint"",""coordinates"":[]}"
0_28_1,36621.19727285716,4,29,1985,"{""type"":""MultiPoint"",""coordinates"":[]}"
0_28_2,2.279132110351564,11,29,1985,"{""type"":""MultiPoint"",""coordinates"":[]}"
0_28_3,18054.20080870665,12,29,1985,"{""type"":""MultiPoint"",""coordinates"":[]}"
0_28_4,302.13976147430424,15,29,1985,"{""type"":""MultiPoint"",""coordinates"":[]}"
0_28_5,0.026937010681152337,20,29,1985,"{""type"":""MultiPoint"",""coordinates"":[]}"
0_28_6,3096.5779556307657,21,29,1985,"{""type"":""MultiPoint"",""coordinates"":[]}"
0_28_7,34.10640208447265,24,29,1985,"{""type"":""MultiPoint"",""coordinates"":[]}"
0_28_8,405.9611693649297,25,29,1985,"{""type"":""MultiPoint"",""coordinates"":[]}"
0_28_9,162.20157565966787,33,29,1985,"{""type"":""MultiPoint"",""coordinates"":[]}"
0_28_10,779.1547972378603,39,29,1985,"{""type"":""MultiPoint"",""coordinates"":[]}"
0_28_11,7485.788673655861,41,29,1985,"{""type"":""MultiPoint"",""coordinates"":[]}"
0_29_0,2882.867250969587,3,30,1985,"{""type"":""MultiPoint"",""coordinates"":[]}"
0_29_1,25716.733582956895,4,30,1985,"{""type"":""MultiPoint"",""coordinates"":[]}"
0_29_2,804.6152801398046,11,30,1985,"{""type"":""MultiPoint"",""coordinates"":[]}"
0_29_3,1126.8863445853988,12,30,1985,"{""type"":""MultiPoint"",""coordinates"":[]}"
0_29_4,6716.308592302251,15,30,1985,"{""type"":""MultiPoint"",""coordinates"":[]}"
0_29_5,5736.890670968731,21,30,1985,"{""type"":""MultiPoint"",""coordinates"":[]}"
0_29_6,11.892777156555159,24,30,1985,"{""type"":""MultiPoint"",""coordinates"":[]}"
0_29_7,138.00278242041028,25,30,1985,"{""type"":""MultiPoint"",""coordinates"":[]}"
0_29_8,125.14874719055162,33,30,1985,"{""type"":""MultiPoint"",""coordinates"":[]}"
0_29_9,699.7603713612622,39,30,1985,"{""type"":""MultiPoint"",""coordinates"":[]}"
0_29_10,300.4605351337279,41,30,1985,"{""type"":""MultiPoint"",""coordinates"":[]}"
0_29_11,11.292926844299284,46,30,1985,"{""type"":""MultiPoint"",""coordinates"":[]}"
0_30_0,5420.416386419204,3,31,1985,"{""type"":""MultiPoint"",""coordinates"":[]}"
0_30_1,13617.498799996143,4,31,1985,"{""type"":""MultiPoint"",""coordinates"":[]}"
0_30_2,747.6932485268587,11,31,1985,"{""type"":""MultiPoint"",""coordinates"":[]}"
0_30_3,887.2246351138139,12,31,1985,"{""type"":""MultiPoint"",""coordinates"":[]}"
0_30_4,5892.881899744378,15,31,1985,"{""type"":""MultiPoint"",""coordinates"":[]}"
0_30_5,7622.145916910061,21,31,1985,"{""type"":""MultiPoint"",""coordinates"":[]}"
0_30_6,59.27264301867525,24,31,1985,"{""type"":""MultiPoint"",""coordinates"":[]}"
0_30_7,134.39849567779476,25,31,1985,"{""type"":""MultiPoint"",""coordinates"":[]}"
0_30_8,0.01969242083740235,30,31,1985,"{""type"":""MultiPoint"",""coordinates"":[]}"
0_30_9,80.27255791198742,33,31,1985,"{""type"":""MultiPoint"",""coordinates"":[]}"
0_30_10,1832.8114160785224,39,31,1985,"{""type"":""MultiPoint"",""coordinates"":[]}"
0_30_11,1343.6708124897968,41,31,1985,"{""type"":""MultiPoint"",""coordinates"":[]}"
0_31_0,6559.7064959741865,3,32,1985,"{""type"":""MultiPoint"",""coordinates"":[]}"
0_31_1,8567.615589163213,4,32,1985,"{""type"":""MultiPoint"",""coordinates"":[]}"
0_31_2,811.8377574794895,11,32,1985,"{""type"":""MultiPoint"",""coordinates"":[]}"
0_31_3,72.7858255071416,12,32,1985,"{""type"":""MultiPoint"",""coordinates"":[]}"
0_31_4,6623.823702401926,15,32,1985,"{""type"":""MultiPoint"",""coordinates"":[]}"
0_31_5,4291.44118553067,21,32,1985,"{""type"":""MultiPoint"",""coordinates"":[]}"
0_31_6,12.472276911926295,24,32,1985,"{""type"":""MultiPoint"",""coordinates"":[]}"
0_31_7,29.117106792785552,25,32,1985,"{""type"":""MultiPoint"",""coordinates"":[]}"
0_31_8,62.29079766973939,33,32,1985,"{""type"":""MultiPoint"",""coordinates"":[]}"
0_31_9,447.529976838415,39,32,1985,"{""type"":""MultiPoint"",""coordinates"":[]}"
0_31_10,176.34190728204587,41,32,1985,"{""type"":""MultiPoint"",""coordinates"":[]}"
0_32_0,6905.002369357855,3,33,1985,"{""type"":""MultiPoint"",""coordinates"":[]}"
0_32_1,1090.4978748156007,4,33,1985,"{""type"":""MultiPoint"",""coordinates"":[]}"
0_32_2,420.1691874825443,11,33,1985,"{""type"":""MultiPoint"",""coordinates"":[]}"
0_32_3,66.37018365740951,12,33,1985,"{""type"":""MultiPoint"",""coordinates"":[]}"
0_32_4,8444.731479113994,15,33,1985,"{""type"":""MultiPoint"",""coordinates"":[]}"
0_32_5,4118.709498287482,21,33,1985,"{""type"":""MultiPoint"",""coordinates"":[]}"
0_32_6,20.831782450561185,24,33,1985,"{""type"":""MultiPoint"",""coordinates"":[]}"
0_32_7,96.70152482647796,25,33,1985,"{""type"":""MultiPoint"",""coordinates"":[]}"
0_32_8,18.213250043396,33,33,1985,"{""type"":""MultiPoint"",""coordinates"":[]}"
0_32_9,31.641908391906792,39,33,1985,"{""type"":""MultiPoint"",""coordinates"":[]}"
0_32_10,257.5531571791421,41,33,1985,"{""type"":""MultiPoint"",""coordinates"":[]}"
0_33_0,11758.411828978084,3,34,1985,"{""type"":""MultiPoint"",""coordinates"":[]}"
0_33_1,7583.545020501956,4,34,1985,"{""type"":""MultiPoint"",""coordinates"":[]}"
0_33_2,2724.1533394928847,11,34,1985,"{""type"":""MultiPoint"",""coordinates"":[]}"
0_33_3,2342.050365289771,12,34,1985,"{""type"":""MultiPoint"",""coordinates"":[]}"
0_33_4,43348.05863449188,15,34,1985,"{""type"":""MultiPoint"",""coordinates"":[]}"
0_33_5,2.003861461181631,20,34,1985,"{""type"":""MultiPoint"",""coordinates"":[]}"
0_33_6,11125.922087488503,21,34,1985,"{""type"":""MultiPoint"",""coordinates"":[]}"
0_33_7,124.44946120110978,24,34,1985,"{""type"":""MultiPoint"",""coordinates"":[]}"
0_33_8,765.7477611940292,25,34,1985,"{""type"":""MultiPoint"",""coordinates"":[]}"
0_33_9,377.06882796838613,33,34,1985,"{""type"":""MultiPoint"",""coordinates"":[]}"
0_33_10,2975.1785308566737,39,34,1985,"{""type"":""MultiPoint"",""coordinates"":[]}"
0_33_11,7951.795437395107,41,34,1985,"{""type"":""MultiPoint"",""coordinates"":[]}"
0_33_12,31.495541462707344,46,34,1985,"{""type"":""MultiPoint"",""coordinates"":[]}"
0_34_0,8999.760329620967,3,35,1985,"{""type"":""MultiPoint"",""coordinates"":[]}"
0_34_1,7954.630644850272,4,35,1985,"{""type"":""MultiPoint"",""coordinates"":[]}"
0_34_2,162.46485149348229,9,35,1985,"{""type"":""MultiPoint"",""coordinates"":[]}"
0_34_3,1460.1444190452262,11,35,1985,"{""type"":""MultiPoint"",""coordinates"":[]}"
0_34_4,49.2811897044067,12,35,1985,"{""type"":""MultiPoint"",""coordinates"":[]}"
0_34_5,21640.74744084238,15,35,1985,"{""type"":""MultiPoint"",""coordinates"":[]}"
0_34_6,0.22930764666748055,20,35,1985,"{""type"":""MultiPoint"",""coordinates"":[]}"
0_34_7,7093.534021236378,21,35,1985,"{""type"":""MultiPoint"",""coordinates"":[]}"
0_34_8,33.01868220233131,24,35,1985,"{""type"":""MultiPoint"",""coordinates"":[]}"
0_34_9,14.437477725341804,25,35,1985,"{""type"":""MultiPoint"",""coordinates"":[]}"
0_34_10,336.6000390421068,33,35,1985,"{""type"":""MultiPoint"",""coordinates"":[]}"
0_34_11,18.482662712707562,39,35,1985,"{""type"":""MultiPoint"",""coordinates"":[]}"
0_34_12,235.75738740507975,41,35,1985,"{""type"":""MultiPoint"",""coordinates"":[]}"
0_35_0,11372.225207016207,3,36,1985,"{""type"":""MultiPoint"",""coordinates"":[]}"
0_35_1,6310.286415520348,4,36,1985,"{""type"":""MultiPoint"",""coordinates"":[]}"
0_35_2,175.70574323107923,9,36,1985,"{""type"":""MultiPoint"",""coordinates"":[]}"
0_35_3,1077.4596082493874,11,36,1985,"{""type"":""MultiPoint"",""coordinates"":[]}"
0_35_4,269.80080985339373,12,36,1985,"{""type"":""MultiPoint"",""coordinates"":[]}"
0_35_5,23556.113864117713,15,36,1985,"{""type"":""MultiPoint"",""coordinates"":[]}"
0_35_6,4.953143003478988,20,36,1985,"{""type"":""MultiPoint"",""coordinates"":[]}"
0_35_7,7210.662321416294,21,36,1985,"{""type"":""MultiPoint"",""coordinates"":[]}"
0_35_8,134.68528318378057,24,36,1985,"{""type"":""MultiPoint"",""coordinates"":[]}"
0_35_9,43.08625541375761,25,36,1985,"{""type"":""MultiPoint"",""coordinates"":[]}"
0_35_10,65.47518609954813,33,36,1985,"{""type"":""MultiPoint"",""coordinates"":[]}"
0_35_11,40.50948962323,39,36,1985,"{""type"":""MultiPoint"",""coordinates"":[]}"
0_35_12,599.4880292349943,41,36,1985,"{""type"":""MultiPoint"",""coordinates"":[]}"
0_36_0,2868.705732845724,3,37,1985,"{""type"":""MultiPoint"",""coordinates"":[]}"
0_36_1,533.2337428010918,4,37,1985,"{""type"":""MultiPoint"",""coordinates"":[]}"
0_36_2,701.8356550085663,11,37,1985,"{""type"":""MultiPoint"",""coordinates"":[]}"
0_36_3,272.21125878344645,12,37,1985,"{""type"":""MultiPoint"",""coordinates"":[]}"
0_36_4,12080.57379481003,15,37,1985,"{""type"":""MultiPoint"",""coordinates"":[]}"
0_36_5,0.02083569934082032,20,37,1985,"{""type"":""MultiPoint"",""coordinates"":[]}"
0_36_6,6370.223319992058,21,37,1985,"{""type"":""MultiPoint"",""coordinates"":[]}"
0_36_7,41.1189718369751,24,37,1985,"{""type"":""MultiPoint"",""coordinates"":[]}"
0_36_8,45.336516823425356,25,37,1985,"{""type"":""MultiPoint"",""coordinates"":[]}"
0_36_9,26.120415409729016,33,37,1985,"{""type"":""MultiPoint"",""coordinates"":[]}"
0_36_10,499.46250489519974,39,37,1985,"{""type"":""MultiPoint"",""coordinates"":[]}"
0_36_11,1145.3388979141373,41,37,1985,"{""type"":""MultiPoint"",""coordinates"":[]}"
0_37_0,14320.54364381916,3,38,1985,"{""type"":""MultiPoint"",""coordinates"":[]}"
0_37_1,7708.68549858545,4,38,1985,"{""type"":""MultiPoint"",""coordinates"":[]}"
0_37_2,1265.6906766908123,11,38,1985,"{""type"":""MultiPoint"",""coordinates"":[]}"
0_37_3,109.07058128613305,12,38,1985,"{""type"":""MultiPoint"",""coordinates"":[]}"
0_37_4,11957.980817083539,15,38,1985,"{""type"":""MultiPoint"",""coordinates"":[]}"
0_37_5,4758.349253878902,21,38,1985,"{""type"":""MultiPoint"",""coordinates"":[]}"
0_37_6,43.78515518188479,24,38,1985,"{""type"":""MultiPoint"",""coordinates"":[]}"
0_37_7,31.245284115905772,25,38,1985,"{""type"":""MultiPoint"",""coordinates"":[]}"
0_37_8,0.26056179467773444,30,38,1985,"{""type"":""MultiPoint"",""coordinates"":[]}"
0_37_9,51.47781903924558,33,38,1985,"{""type"":""MultiPoint"",""coordinates"":[]}"
0_37_10,6.5313770584716835,39,38,1985,"{""type"":""MultiPoint"",""coordinates"":[]}"
0_37_11,61.75741069226056,41,38,1985,"{""type"":""MultiPoint"",""coordinates"":[]}"
1_0_0,38166.27561107686,3,1,2020,"{""type"":""MultiPoint"",""coordinates"":[]}"
1_0_1,22969.23128952776,4,1,2020,"{""type"":""MultiPoint"",""coordinates"":[]}"
1_0_2,669.8862058998141,5,1,2020,"{""type"":""MultiPoint"",""coordinates"":[]}"
1_0_3,282.5427598161076,9,1,2020,"{""type"":""MultiPoint"",""coordinates"":[]}"
1_0_4,282.1645724553231,11,1,2020,"{""type"":""MultiPoint"",""coordinates"":[]}"
1_0_5,1910.3066727920548,12,1,2020,"{""type"":""MultiPoint"",""coordinates"":[]}"
1_0_6,2066.6784119177587,15,1,2020,"{""type"":""MultiPoint"",""coordinates"":[]}"
1_0_7,137.84096947936501,20,1,2020,"{""type"":""MultiPoint"",""coordinates"":[]}"
1_0_8,1166.7851117548155,21,1,2020,"{""type"":""MultiPoint"",""coordinates"":[]}"
1_0_9,986.8215274506188,23,1,2020,"{""type"":""MultiPoint"",""coordinates"":[]}"
1_0_10,414.07917922862214,24,1,2020,"{""type"":""MultiPoint"",""coordinates"":[]}"
1_0_11,301.63465009613213,25,1,2020,"{""type"":""MultiPoint"",""coordinates"":[]}"
1_0_12,0.03387872576904297,30,1,2020,"{""type"":""MultiPoint"",""coordinates"":[]}"
1_0_13,0.35091630175781424,31,1,2020,"{""type"":""MultiPoint"",""coordinates"":[]}"
1_0_14,46.62855832934551,32,1,2020,"{""type"":""MultiPoint"",""coordinates"":[]}"
1_0_15,788.5518827489667,33,1,2020,"{""type"":""MultiPoint"",""coordinates"":[]}"
1_0_16,553.3807711648008,39,1,2020,"{""type"":""MultiPoint"",""coordinates"":[]}"
1_0_17,282.5833288422901,41,1,2020,"{""type"":""MultiPoint"",""coordinates"":[]}"
1_0_18,2.674996293640133,48,1,2020,"{""type"":""MultiPoint"",""coordinates"":[]}"
1_1_0,21566.32254952078,3,2,2020,"{""type"":""MultiPoint"",""coordinates"":[]}"
1_1_1,27903.234515395943,4,2,2020,"{""type"":""MultiPoint"",""coordinates"":[]}"
1_1_2,119.3248137974242,9,2,2020,"{""type"":""MultiPoint"",""coordinates"":[]}"
1_1_3,117.60682681866463,11,2,2020,"{""type"":""MultiPoint"",""coordinates"":[]}"
1_1_4,2256.8613978513827,12,2,2020,"{""type"":""MultiPoint"",""coordinates"":[]}"
1_1_5,8505.028504593662,15,2,2020,"{""type"":""MultiPoint"",""coordinates"":[]}"
1_1_6,0.07129591583251954,20,2,2020,"{""type"":""MultiPoint"",""coordinates"":[]}"
1_1_7,1924.6374709400486,21,2,2020,"{""type"":""MultiPoint"",""coordinates"":[]}"
1_1_8,274.50491193127317,24,2,2020,"{""type"":""MultiPoint"",""coordinates"":[]}"
1_1_9,269.2056087178348,25,2,2020,"{""type"":""MultiPoint"",""coordinates"":[]}"
1_1_10,0.015983032775878907,29,2,2020,"{""type"":""MultiPoint"",""coordinates"":[]}"
1_1_11,0.16475388098144517,30,2,2020,"{""type"":""MultiPoint"",""coordinates"":[]}"
1_1_12,157.51392803021187,33,2,2020,"{""type"":""MultiPoint"",""coordinates"":[]}"
1_1_13,45.13425291961668,39,2,2020,"{""type"":""MultiPoint"",""coordinates"":[]}"
1_1_14,124.95700865161052,41,2,2020,"{""type"":""MultiPoint"",""coordinates"":[]}"
1_2_0,14379.595194766827,3,3,2020,"{""type"":""MultiPoint"",""coordinates"":[]}"
1_2_1,12442.268595118288,4,3,2020,"{""type"":""MultiPoint"",""coordinates"":[]}"
1_2_2,27.438420939636202,9,3,2020,"{""type"":""MultiPoint"",""coordinates"":[]}"
1_2_3,24.11198814575195,11,3,2020,"{""type"":""MultiPoint"",""coordinates"":[]}"
1_2_4,4065.8274901211876,12,3,2020,"{""type"":""MultiPoint"",""coordinates"":[]}"
1_2_5,9466.838736634587,15,3,2020,"{""type"":""MultiPoint"",""coordinates"":[]}"
1_2_6,66.28224834631524,20,3,2020,"{""type"":""MultiPoint"",""coordinates"":[]}"
1_2_7,2006.0930520831873,21,3,2020,"{""type"":""MultiPoint"",""coordinates"":[]}"
1_2_8,61.21707603863535,24,3,2020,"{""type"":""MultiPoint"",""coordinates"":[]}"
1_2_9,228.7694272055056,25,3,2020,"{""type"":""MultiPoint"",""coordinates"":[]}"
1_2_10,0.39412793713378813,30,3,2020,"{""type"":""MultiPoint"",""coordinates"":[]}"
1_2_11,50.308233410704275,33,3,2020,"{""type"":""MultiPoint"",""coordinates"":[]}"
1_2_12,129.14837033782953,39,3,2020,"{""type"":""MultiPoint"",""coordinates"":[]}"
1_2_13,80.78986192205852,41,3,2020,"{""type"":""MultiPoint"",""coordinates"":[]}"
1_3_0,1625.8695403454537,3,4,2020,"{""type"":""MultiPoint"",""coordinates"":[]}"
1_3_1,19538.07076660019,4,4,2020,"{""type"":""MultiPoint"",""coordinates"":[]}"
1_3_2,0.4034905536499022,9,4,2020,"{""type"":""MultiPoint"",""coordinates"":[]}"
1_3_3,30.47506383312989,11,4,2020,"{""type"":""MultiPoint"",""coordinates"":[]}"
1_3_4,2708.8546206928295,12,4,2020,"{""type"":""MultiPoint"",""coordinates"":[]}"
1_3_5,465.5774665365009,15,4,2020,"{""type"":""MultiPoint"",""coordinates"":[]}"
1_3_6,87.42800033588227,20,4,2020,"{""type"":""MultiPoint"",""coordinates"":[]}"
1_3_7,662.4103446186141,21,4,2020,"{""type"":""MultiPoint"",""coordinates"":[]}"
1_3_8,70.02863125701735,24,4,2020,"{""type"":""MultiPoint"",""coordinates"":[]}"
1_3_9,99.77262521142565,25,4,2020,"{""type"":""MultiPoint"",""coordinates"":[]}"
1_3_10,36.834603672424265,33,4,2020,"{""type"":""MultiPoint"",""coordinates"":[]}"
1_3_11,601.5828572591772,39,4,2020,"{""type"":""MultiPoint"",""coordinates"":[]}"
1_3_12,206.1343832611122,41,4,2020,"{""type"":""MultiPoint"",""coordinates"":[]}"
1_4_0,6292.3329462510965,3,5,2020,"{""type"":""MultiPoint"",""coordinates"":[]}"
1_4_1,70739.32769843642,4,5,2020,"{""type"":""MultiPoint"",""coordinates"":[]}"
1_4_2,0.27786969049072235,9,5,2020,"{""type"":""MultiPoint"",""coordinates"":[]}"
1_4_3,318.15321034142653,11,5,2020,"{""type"":""MultiPoint"",""coordinates"":[]}"
1_4_4,17664.142286958777,12,5,2020,"{""type"":""MultiPoint"",""coordinates"":[]}"
1_4_5,987.2986990124629,15,5,2020,"{""type"":""MultiPoint"",""coordinates"":[]}"
1_4_6,2847.9805049982842,21,5,2020,"{""type"":""MultiPoint"",""coordinates"":[]}"
1_4_7,101.26801711993456,24,5,2020,"{""type"":""MultiPoint"",""coordinates"":[]}"
1_4_8,471.94019839691754,25,5,2020,"{""type"":""MultiPoint"",""coordinates"":[]}"
1_4_9,0.01684385125732422,29,5,2020,"{""type"":""MultiPoint"",""coordinates"":[]}"
1_4_10,365.2250878131781,33,5,2020,"{""type"":""MultiPoint"",""coordinates"":[]}"
1_4_11,14530.163230943346,39,5,2020,"{""type"":""MultiPoint"",""coordinates"":[]}"
1_4_12,1576.9790101943906,41,5,2020,"{""type"":""MultiPoint"",""coordinates"":[]}"
1_5_0,8298.396339658279,3,6,2020,"{""type"":""MultiPoint"",""coordinates"":[]}"
1_5_1,18813.74554347116,4,6,2020,"{""type"":""MultiPoint"",""coordinates"":[]}"
1_5_2,20.47727520495612,9,6,2020,"{""type"":""MultiPoint"",""coordinates"":[]}"
1_5_3,30.96845844067381,11,6,2020,"{""type"":""MultiPoint"",""coordinates"":[]}"
1_5_4,3483.3960224623947,12,6,2020,"{""type"":""MultiPoint"",""coordinates"":[]}"
1_5_5,9326.335386723425,15,6,2020,"{""type"":""MultiPoint"",""coordinates"":[]}"
1_5_6,1166.208806954484,21,6,2020,"{""type"":""MultiPoint"",""coordinates"":[]}"
1_5_7,249.19391695055862,24,6,2020,"{""type"":""MultiPoint"",""coordinates"":[]}"
1_5_8,129.80966848876957,25,6,2020,"{""type"":""MultiPoint"",""coordinates"":[]}"
1_5_9,574.3087977257121,33,6,2020,"{""type"":""MultiPoint"",""coordinates"":[]}"
1_5_10,149.42425967431862,39,6,2020,"{""type"":""MultiPoint"",""coordinates"":[]}"
1_5_11,46.01906643426514,41,6,2020,"{""type"":""MultiPoint"",""coordinates"":[]}"
1_6_0,1089.434664823121,3,7,2020,"{""type"":""MultiPoint"",""coordinates"":[]}"
1_6_1,13854.181637575186,4,7,2020,"{""type"":""MultiPoint"",""coordinates"":[]}"
1_6_2,564.5912021574072,11,7,2020,"{""type"":""MultiPoint"",""coordinates"":[]}"
1_6_3,13414.351812393776,12,7,2020,"{""type"":""MultiPoint"",""coordinates"":[]}"
1_6_4,258.9511726783455,15,7,2020,"{""type"":""MultiPoint"",""coordinates"":[]}"
1_6_5,1369.5207491377014,21,7,2020,"{""type"":""MultiPoint"",""coordinates"":[]}"
1_6_6,3.0464255375366003,23,7,2020,"{""type"":""MultiPoint"",""coordinates"":[]}"
1_6_7,14.966232531982453,24,7,2020,"{""type"":""MultiPoint"",""coordinates"":[]}"
1_6_8,385.49531384436574,25,7,2020,"{""type"":""MultiPoint"",""coordinates"":[]}"
1_6_9,11.555409288513196,33,7,2020,"{""type"":""MultiPoint"",""coordinates"":[]}"
1_6_10,2149.3758910801525,39,7,2020,"{""type"":""MultiPoint"",""coordinates"":[]}"
1_6_11,237.49877015752955,41,7,2020,"{""type"":""MultiPoint"",""coordinates"":[]}"
1_6_12,0.4629228859863283,46,7,2020,"{""type"":""MultiPoint"",""coordinates"":[]}"
1_7_0,11005.88313478078,3,8,2020,"{""type"":""MultiPoint"",""coordinates"":[]}"
1_7_1,49496.78191608112,4,8,2020,"{""type"":""MultiPoint"",""coordinates"":[]}"
1_7_2,0.10823103375244145,9,8,2020,"{""type"":""MultiPoint"",""coordinates"":[]}"
1_7_3,399.5972023014527,11,8,2020,"{""type"":""MultiPoint"",""coordinates"":[]}"
1_7_4,3067.804191565978,12,8,2020,"{""type"":""MultiPoint"",""coordinates"":[]}"
1_7_5,26281.128222042094,15,8,2020,"{""type"":""MultiPoint"",""coordinates"":[]}"
1_7_6,0.04080057287597656,20,8,2020,"{""type"":""MultiPoint"",""coordinates"":[]}"
1_7_7,5277.195625812793,21,8,2020,"{""type"":""MultiPoint"",""coordinates"":[]}"
1_7_8,304.93781357232666,24,8,2020,"{""type"":""MultiPoint"",""coordinates"":[]}"
1_7_9,162.33198104119873,25,8,2020,"{""type"":""MultiPoint"",""coordinates"":[]}"
1_7_10,7.003245448608384,30,8,2020,"{""type"":""MultiPoint"",""coordinates"":[]}"
1_7_11,1462.6391090748855,33,8,2020,"{""type"":""MultiPoint"",""coordinates"":[]}"
1_7_12,4561.715719839238,39,8,2020,"{""type"":""MultiPoint"",""coordinates"":[]}"
1_7_13,1.6826101107788052,40,8,2020,"{""type"":""MultiPoint"",""coordinates"":[]}"
1_7_14,360.3189445216067,41,8,2020,"{""type"":""MultiPoint"",""coordinates"":[]}"
1_8_0,1737.6005253751248,3,9,2020,"{""type"":""MultiPoint"",""coordinates"":[]}"
1_8_1,10788.441592871979,4,9,2020,"{""type"":""MultiPoint"",""coordinates"":[]}"
1_8_2,32.70363591198732,9,9,2020,"{""type"":""MultiPoint"",""coordinates"":[]}"
1_8_3,92.85412416015593,11,9,2020,"{""type"":""MultiPoint"",""coordinates"":[]}"
1_8_4,2408.802923800867,12,9,2020,"{""type"":""MultiPoint"",""coordinates"":[]}"
1_8_5,9950.975388193023,15,9,2020,"{""type"":""MultiPoint"",""coordinates"":[]}"
1_8_6,0.20313769421386735,20,9,2020,"{""type"":""MultiPoint"",""coordinates"":[]}"
1_8_7,2538.429093728962,21,9,2020,"{""type"":""MultiPoint"",""coordinates"":[]}"
1_8_8,36.54169382128885,24,9,2020,"{""type"":""MultiPoint"",""coordinates"":[]}"
1_8_9,186.0535908798794,25,9,2020,"{""type"":""MultiPoint"",""coordinates"":[]}"
1_8_10,0.3918030273437501,30,9,2020,"{""type"":""MultiPoint"",""coordinates"":[]}"
1_8_11,96.97561706555209,33,9,2020,"{""type"":""MultiPoint"",""coordinates"":[]}"
1_8_12,590.698896817997,39,9,2020,"{""type"":""MultiPoint"",""coordinates"":[]}"
1_8_13,102.98093826568636,41,9,2020,"{""type"":""MultiPoint"",""coordinates"":[]}"
1_8_14,11.714380654541014,46,9,2020,"{""type"":""MultiPoint"",""coordinates"":[]}"
1_9_0,4027.412694189597,3,10,2020,"{""type"":""MultiPoint"",""coordinates"":[]}"
1_9_1,48955.433519359154,4,10,2020,"{""type"":""MultiPoint"",""coordinates"":[]}"
1_9_2,145.87113773455664,9,10,2020,"{""type"":""MultiPoint"",""coordinates"":[]}"
1_9_3,1547.136910166872,11,10,2020,"{""type"":""MultiPoint"",""coordinates"":[]}"
1_9_4,24739.991324977003,12,10,2020,"{""type"":""MultiPoint"",""coordinates"":[]}"
1_9_5,7733.784908285171,15,10,2020,"{""type"":""MultiPoint"",""coordinates"":[]}"
1_9_6,5589.528377264451,21,10,2020,"{""type"":""MultiPoint"",""coordinates"":[]}"
1_9_7,95.08394374621541,24,10,2020,"{""type"":""MultiPoint"",""coordinates"":[]}"
1_9_8,229.33422755133068,25,10,2020,"{""type"":""MultiPoint"",""coordinates"":[]}"
1_9_9,0.013907708251953125,29,10,2020,"{""type"":""MultiPoint"",""coordinates"":[]}"
1_9_10,0.0707401322021484,30,10,2020,"{""type"":""MultiPoint"",""coordinates"":[]}"
1_9_11,67.90394170159936,33,10,2020,"{""type"":""MultiPoint"",""coordinates"":[]}"
1_9_12,15505.099673041897,39,10,2020,"{""type"":""MultiPoint"",""coordinates"":[]}"
1_9_13,5746.041868653526,41,10,2020,"{""type"":""MultiPoint"",""coordinates"":[]}"
1_9_14,159.21235241448892,46,10,2020,"{""type"":""MultiPoint"",""coordinates"":[]}"
1_9_15,33.894178424560224,48,10,2020,"{""type"":""MultiPoint"",""coordinates"":[]}"
1_10_0,593.2081312384702,3,11,2020,"{""type"":""MultiPoint"",""coordinates"":[]}"
1_10_1,15243.554238742907,4,11,2020,"{""type"":""MultiPoint"",""coordinates"":[]}"
1_10_2,0.11811664831542963,9,11,2020,"{""type"":""MultiPoint"",""coordinates"":[]}"
1_10_3,185.71936378833135,11,11,2020,"{""type"":""MultiPoint"",""coordinates"":[]}"
1_10_4,1380.1269294787983,12,11,2020,"{""type"":""MultiPoint"",""coordinates"":[]}"
1_10_5,1273.736183928856,15,11,2020,"{""type"":""MultiPoint"",""coordinates"":[]}"
1_10_6,921.541345986398,21,11,2020,"{""type"":""MultiPoint"",""coordinates"":[]}"
1_10_7,45.29081840173311,24,11,2020,"{""type"":""MultiPoint"",""coordinates"":[]}"
1_10_8,50.17064964947467,25,11,2020,"{""type"":""MultiPoint"",""coordinates"":[]}"
1_10_9,0.007887422973632813,29,11,2020,"{""type"":""MultiPoint"",""coordinates"":[]}"
1_10_10,34.390208861328105,33,11,2020,"{""type"":""MultiPoint"",""coordinates"":[]}"
1_10_11,825.9670707901448,39,11,2020,"{""type"":""MultiPoint"",""coordinates"":[]}"
1_10_12,368.56305138746166,41,11,2020,"{""type"":""MultiPoint"",""coordinates"":[]}"
1_10_13,38.678092322753805,46,11,2020,"{""type"":""MultiPoint"",""coordinates"":[]}"
1_10_14,3.5052189791259734,48,11,2020,"{""type"":""MultiPoint"",""coordinates"":[]}"
1_11_0,604.3877715141687,3,12,2020,"{""type"":""MultiPoint"",""coordinates"":[]}"
1_11_1,5628.598041542934,4,12,2020,"{""type"":""MultiPoint"",""coordinates"":[]}"
1_11_2,128.51625339447125,9,12,2020,"{""type"":""MultiPoint"",""coordinates"":[]}"
1_11_3,18.643194201171866,11,12,2020,"{""type"":""MultiPoint"",""coordinates"":[]}"
1_11_4,148.40956436242737,12,12,2020,"{""type"":""MultiPoint"",""coordinates"":[]}"
1_11_5,3387.00610143934,15,12,2020,"{""type"":""MultiPoint"",""coordinates"":[]}"
1_11_6,0.14396159552001953,20,12,2020,"{""type"":""MultiPoint"",""coordinates"":[]}"
1_11_7,2021.20610702812,21,12,2020,"{""type"":""MultiPoint"",""coordinates"":[]}"
1_11_8,89.62665557965049,24,12,2020,"{""type"":""MultiPoint"",""coordinates"":[]}"
1_11_9,15.286900407165536,25,12,2020,"{""type"":""MultiPoint"",""coordinates"":[]}"
1_11_10,0.12885018939208986,29,12,2020,"{""type"":""MultiPoint"",""coordinates"":[]}"
1_11_11,1.7068941972045941,30,12,2020,"{""type"":""MultiPoint"",""coordinates"":[]}"
1_11_12,52.658400164794735,33,12,2020,"{""type"":""MultiPoint"",""coordinates"":[]}"
1_11_13,2.569454185546873,39,12,2020,"{""type"":""MultiPoint"",""coordinates"":[]}"
1_11_14,0.7114710229492218,41,12,2020,"{""type"":""MultiPoint"",""coordinates"":[]}"
1_11_15,1.9076904660034169,46,12,2020,"{""type"":""MultiPoint"",""coordinates"":[]}"
1_11_16,1.28053511010742,48,12,2020,"{""type"":""MultiPoint"",""coordinates"":[]}"
1_12_0,7486.705996537239,3,13,2020,"{""type"":""MultiPoint"",""coordinates"":[]}"
1_12_1,13513.82994474454,4,13,2020,"{""type"":""MultiPoint"",""coordinates"":[]}"
1_12_2,57.254185457641654,9,13,2020,"{""type"":""MultiPoint"",""coordinates"":[]}"
1_12_3,127.01631698419179,11,13,2020,"{""type"":""MultiPoint"",""coordinates"":[]}"
1_12_4,2509.659694838569,12,13,2020,"{""type"":""MultiPoint"",""coordinates"":[]}"
1_12_5,13647.745995070103,15,13,2020,"{""type"":""MultiPoint"",""coordinates"":[]}"
1_12_6,889.1550532898129,20,13,2020,"{""type"":""MultiPoint"",""coordinates"":[]}"
1_12_7,3798.963928301378,21,13,2020,"{""type"":""MultiPoint"",""coordinates"":[]}"
1_12_8,148.18174262420644,24,13,2020,"{""type"":""MultiPoint"",""coordinates"":[]}"
1_12_9,232.3990088116449,25,13,2020,"{""type"":""MultiPoint"",""coordinates"":[]}"
1_12_10,12.08955651177977,30,13,2020,"{""type"":""MultiPoint"",""coordinates"":[]}"
1_12_11,913.0432711356273,33,13,2020,"{""type"":""MultiPoint"",""coordinates"":[]}"
1_12_12,2767.1100589556663,39,13,2020,"{""type"":""MultiPoint"",""coordinates"":[]}"
1_12_13,298.5178677468872,41,13,2020,"{""type"":""MultiPoint"",""coordinates"":[]}"
1_12_14,3.9504895826416027,46,13,2020,"{""type"":""MultiPoint"",""coordinates"":[]}"
1_13_0,6118.363924571577,3,14,2020,"{""type"":""MultiPoint"",""coordinates"":[]}"
1_13_1,24514.875187757963,4,14,2020,"{""type"":""MultiPoint"",""coordinates"":[]}"
1_13_2,3626.746865069078,9,14,2020,"{""type"":""MultiPoint"",""coordinates"":[]}"
1_13_3,779.249190363831,11,14,2020,"{""type"":""MultiPoint"",""coordinates"":[]}"
1_13_4,8127.33712146963,12,14,2020,"{""type"":""MultiPoint"",""coordinates"":[]}"
1_13_5,24934.011470846934,15,14,2020,"{""type"":""MultiPoint"",""coordinates"":[]}"
1_13_6,370.0178885904516,20,14,2020,"{""type"":""MultiPoint"",""coordinates"":[]}"
1_13_7,10395.655358787044,21,14,2020,"{""type"":""MultiPoint"",""coordinates"":[]}"
1_13_8,230.21683470184504,24,14,2020,"{""type"":""MultiPoint"",""coordinates"":[]}"
1_13_9,205.38220087634235,25,14,2020,"{""type"":""MultiPoint"",""coordinates"":[]}"
1_13_10,8.601043090820312E-4,29,14,2020,"{""type"":""MultiPoint"",""coordinates"":[]}"
1_13_11,33.5730433029788,30,14,2020,"{""type"":""MultiPoint"",""coordinates"":[]}"
1_13_12,408.2246375169035,33,14,2020,"{""type"":""MultiPoint"",""coordinates"":[]}"
1_13_13,7980.44257799807,39,14,2020,"{""type"":""MultiPoint"",""coordinates"":[]}"
1_13_14,730.0221546544194,41,14,2020,"{""type"":""MultiPoint"",""coordinates"":[]}"
1_13_15,197.0256792994415,46,14,2020,"{""type"":""MultiPoint"",""coordinates"":[]}"
1_13_16,5.40899791979982,48,14,2020,"{""type"":""MultiPoint"",""coordinates"":[]}"
1_14_0,7313.729810170174,3,15,2020,"{""type"":""MultiPoint"",""coordinates"":[]}"
1_14_1,25086.101955586724,4,15,2020,"{""type"":""MultiPoint"",""coordinates"":[]}"
1_14_2,4173.241776943321,9,15,2020,"{""type"":""MultiPoint"",""coordinates"":[]}"
1_14_3,103.62054527227804,11,15,2020,"{""type"":""MultiPoint"",""coordinates"":[]}"
1_14_4,6174.064516723182,12,15,2020,"{""type"":""MultiPoint"",""coordinates"":[]}"
1_14_5,6390.795360782928,15,15,2020,"{""type"":""MultiPoint"",""coordinates"":[]}"
1_14_6,4659.6551378917475,21,15,2020,"{""type"":""MultiPoint"",""coordinates"":[]}"
1_14_7,98.24009133453386,24,15,2020,"{""type"":""MultiPoint"",""coordinates"":[]}"
1_14_8,426.6127370951527,25,15,2020,"{""type"":""MultiPoint"",""coordinates"":[]}"
1_14_9,0.300730965637207,29,15,2020,"{""type"":""MultiPoint"",""coordinates"":[]}"
1_14_10,0.9688110342407255,30,15,2020,"{""type"":""MultiPoint"",""coordinates"":[]}"
1_14_11,149.87386996942288,33,15,2020,"{""type"":""MultiPoint"",""coordinates"":[]}"
1_14_12,1.2268608251953121,39,15,2020,"{""type"":""MultiPoint"",""coordinates"":[]}"
1_14_13,0.08200395385742185,41,15,2020,"{""type"":""MultiPoint"",""coordinates"":[]}"
1_14_14,29.553214671142566,46,15,2020,"{""type"":""MultiPoint"",""coordinates"":[]}"
1_14_15,0.06181326574707032,48,15,2020,"{""type"":""MultiPoint"",""coordinates"":[]}"
1_15_0,2657.0262620353474,3,16,2020,"{""type"":""MultiPoint"",""coordinates"":[]}"
1_15_1,1028.332254606181,4,16,2020,"{""type"":""MultiPoint"",""coordinates"":[]}"
1_15_2,4160.798080235587,9,16,2020,"{""type"":""MultiPoint"",""coordinates"":[]}"
1_15_3,982.1158560127584,11,16,2020,"{""type"":""MultiPoint"",""coordinates"":[]}"
1_15_4,1144.9681656824735,12,16,2020,"{""type"":""MultiPoint"",""coordinates"":[]}"
1_15_5,3536.0351146227113,15,16,2020,"{""type"":""MultiPoint"",""coordinates"":[]}"
1_15_6,5281.15677579374,20,16,2020,"{""type"":""MultiPoint"",""coordinates"":[]}"
1_15_7,5842.191822725789,21,16,2020,"{""type"":""MultiPoint"",""coordinates"":[]}"
1_15_8,379.76680086468514,24,16,2020,"{""type"":""MultiPoint"",""coordinates"":[]}"
1_15_9,79.45840341162106,25,16,2020,"{""type"":""MultiPoint"",""coordinates"":[]}"
1_15_10,0.041747745178222655,30,16,2020,"{""type"":""MultiPoint"",""coordinates"":[]}"
1_15_11,549.9409756331206,33,16,2020,"{""type"":""MultiPoint"",""coordinates"":[]}"
1_15_12,3871.015634016367,39,16,2020,"{""type"":""MultiPoint"",""coordinates"":[]}"
1_15_13,442.3231195630511,41,16,2020,"{""type"":""MultiPoint"",""coordinates"":[]}"
1_15_14,72.3715366064451,46,16,2020,"{""type"":""MultiPoint"",""coordinates"":[]}"
1_15_15,1095.525218461103,47,16,2020,"{""type"":""MultiPoint"",""coordinates"":[]}"
1_15_16,155.81908607531784,48,16,2020,"{""type"":""MultiPoint"",""coordinates"":[]}"
1_16_0,8385.891524332268,3,17,2020,"{""type"":""MultiPoint"",""coordinates"":[]}"
1_16_1,9038.660748015303,4,17,2020,"{""type"":""MultiPoint"",""coordinates"":[]}"
1_16_2,3989.9155709281576,9,17,2020,"{""type"":""MultiPoint"",""coordinates"":[]}"
1_16_3,536.3132703843365,11,17,2020,"{""type"":""MultiPoint"",""coordinates"":[]}"
1_16_4,4250.739010739236,12,17,2020,"{""type"":""MultiPoint"",""coordinates"":[]}"
1_16_5,27768.351980773383,15,17,2020,"{""type"":""MultiPoint"",""coordinates"":[]}"
1_16_6,283.1199713274544,20,17,2020,"{""type"":""MultiPoint"",""coordinates"":[]}"
1_16_7,14351.806724490054,21,17,2020,"{""type"":""MultiPoint"",""coordinates"":[]}"
1_16_8,994.8948846863576,24,17,2020,"{""type"":""MultiPoint"",""coordinates"":[]}"
1_16_9,104.68076008551026,25,17,2020,"{""type"":""MultiPoint"",""coordinates"":[]}"
1_16_10,27.59393744000232,30,17,2020,"{""type"":""MultiPoint"",""coordinates"":[]}"
1_16_11,1836.5509268677142,33,17,2020,"{""type"":""MultiPoint"",""coordinates"":[]}"
1_16_12,1435.8062665480215,39,17,2020,"{""type"":""MultiPoint"",""coordinates"":[]}"
1_16_13,767.5034336182327,41,17,2020,"{""type"":""MultiPoint"",""coordinates"":[]}"
1_16_14,1123.7534502216756,46,17,2020,"{""type"":""MultiPoint"",""coordinates"":[]}"
1_16_15,17.091083769043077,48,17,2020,"{""type"":""MultiPoint"",""coordinates"":[]}"
1_17_0,1978.5429637681157,3,18,2020,"{""type"":""MultiPoint"",""coordinates"":[]}"
1_17_1,1854.3147397155278,4,18,2020,"{""type"":""MultiPoint"",""coordinates"":[]}"
1_17_2,388.0705597827197,9,18,2020,"{""type"":""MultiPoint"",""coordinates"":[]}"
1_17_3,674.3958092409686,11,18,2020,"{""type"":""MultiPoint"",""coordinates"":[]}"
1_17_4,214.52094875811684,12,18,2020,"{""type"":""MultiPoint"",""coordinates"":[]}"
1_17_5,13156.235885611673,15,18,2020,"{""type"":""MultiPoint"",""coordinates"":[]}"
1_17_6,3129.9268477601477,20,18,2020,"{""type"":""MultiPoint"",""coordinates"":[]}"
1_17_7,6435.422434689873,21,18,2020,"{""type"":""MultiPoint"",""coordinates"":[]}"
1_17_8,86.64057120367498,24,18,2020,"{""type"":""MultiPoint"",""coordinates"":[]}"
1_17_9,22.67592120935061,25,18,2020,"{""type"":""MultiPoint"",""coordinates"":[]}"
1_17_10,0.06912064184570312,30,18,2020,"{""type"":""MultiPoint"",""coordinates"":[]}"
1_17_11,30.649658890624952,33,18,2020,"{""type"":""MultiPoint"",""coordinates"":[]}"
1_17_12,768.9559706708352,39,18,2020,"{""type"":""MultiPoint"",""coordinates"":[]}"
1_17_13,282.2135832896742,41,18,2020,"{""type"":""MultiPoint"",""coordinates"":[]}"
1_17_14,20.408810175170863,46,18,2020,"{""type"":""MultiPoint"",""coordinates"":[]}"
1_17_15,0.9177947296752935,48,18,2020,"{""type"":""MultiPoint"",""coordinates"":[]}"
1_18_0,2019.8866034314506,3,19,2020,"{""type"":""MultiPoint"",""coordinates"":[]}"
1_18_1,757.9636850740327,4,19,2020,"{""type"":""MultiPoint"",""coordinates"":[]}"
1_18_2,765.7854217067944,9,19,2020,"{""type"":""MultiPoint"",""coordinates"":[]}"
1_18_3,545.882834544434,11,19,2020,"{""type"":""MultiPoint"",""coordinates"":[]}"
1_18_4,62.48465296319572,12,19,2020,"{""type"":""MultiPoint"",""coordinates"":[]}"
1_18_5,1963.6305362537735,15,19,2020,"{""type"":""MultiPoint"",""coordinates"":[]}"
1_18_6,8271.118913234144,20,19,2020,"{""type"":""MultiPoint"",""coordinates"":[]}"
1_18_7,4750.720564551284,21,19,2020,"{""type"":""MultiPoint"",""coordinates"":[]}"
1_18_8,668.3424632463993,24,19,2020,"{""type"":""MultiPoint"",""coordinates"":[]}"
1_18_9,69.76620392877209,25,19,2020,"{""type"":""MultiPoint"",""coordinates"":[]}"
1_18_10,3.576137186462402,30,19,2020,"{""type"":""MultiPoint"",""coordinates"":[]}"
1_18_11,357.6111616827873,33,19,2020,"{""type"":""MultiPoint"",""coordinates"":[]}"
1_18_12,786.8968794888856,39,19,2020,"{""type"":""MultiPoint"",""coordinates"":[]}"
1_18_13,294.3530717202173,41,19,2020,"{""type"":""MultiPoint"",""coordinates"":[]}"
1_18_14,289.51378483966135,46,19,2020,"{""type"":""MultiPoint"",""coordinates"":[]}"
1_18_15,799.1439501921268,47,19,2020,"{""type"":""MultiPoint"",""coordinates"":[]}"
1_18_16,118.18656435711765,48,19,2020,"{""type"":""MultiPoint"",""coordinates"":[]}"
1_19_0,1054.6063972801526,3,20,2020,"{""type"":""MultiPoint"",""coordinates"":[]}"
1_19_1,588.1269370462632,4,20,2020,"{""type"":""MultiPoint"",""coordinates"":[]}"
1_19_2,741.4146132780498,9,20,2020,"{""type"":""MultiPoint"",""coordinates"":[]}"
1_19_3,311.69089296807863,11,20,2020,"{""type"":""MultiPoint"",""coordinates"":[]}"
1_19_4,279.31060983459537,12,20,2020,"{""type"":""MultiPoint"",""coordinates"":[]}"
1_19_5,2368.8412597825495,15,20,2020,"{""type"":""MultiPoint"",""coordinates"":[]}"
1_19_6,1040.1090578746362,20,20,2020,"{""type"":""MultiPoint"",""coordinates"":[]}"
1_19_7,2458.051836680465,21,20,2020,"{""type"":""MultiPoint"",""coordinates"":[]}"
1_19_8,214.65362664287505,24,20,2020,"{""type"":""MultiPoint"",""coordinates"":[]}"
1_19_9,28.917812763122637,25,20,2020,"{""type"":""MultiPoint"",""coordinates"":[]}"
1_19_10,176.70605145867842,33,20,2020,"{""type"":""MultiPoint"",""coordinates"":[]}"
1_19_11,2575.716755777558,39,20,2020,"{""type"":""MultiPoint"",""coordinates"":[]}"
1_19_12,691.9912453131707,41,20,2020,"{""type"":""MultiPoint"",""coordinates"":[]}"
1_19_13,146.19904989312764,46,20,2020,"{""type"":""MultiPoint"",""coordinates"":[]}"
1_20_0,5251.984763551141,3,21,2020,"{""type"":""MultiPoint"",""coordinates"":[]}"
1_20_1,6065.3406927192045,4,21,2020,"{""type"":""MultiPoint"",""coordinates"":[]}"
1_20_2,451.0913031444117,9,21,2020,"{""type"":""MultiPoint"",""coordinates"":[]}"
1_20_3,215.24794654760726,11,21,2020,"{""type"":""MultiPoint"",""coordinates"":[]}"
1_20_4,3105.591781678679,12,21,2020,"{""type"":""MultiPoint"",""coordinates"":[]}"
1_20_5,12806.961671744892,15,21,2020,"{""type"":""MultiPoint"",""coordinates"":[]}"
1_20_6,27.38970810717722,20,21,2020,"{""type"":""MultiPoint"",""coordinates"":[]}"
1_20_7,5870.526258361451,21,21,2020,"{""type"":""MultiPoint"",""coordinates"":[]}"
1_20_8,1011.2176083398714,24,21,2020,"{""type"":""MultiPoint"",""coordinates"":[]}"
1_20_9,148.34878942468342,25,21,2020,"{""type"":""MultiPoint"",""coordinates"":[]}"
1_20_10,5.5480274788818456,30,21,2020,"{""type"":""MultiPoint"",""coordinates"":[]}"
1_20_11,594.4254250309561,33,21,2020,"{""type"":""MultiPoint"",""coordinates"":[]}"
1_20_12,7618.527189165624,39,21,2020,"{""type"":""MultiPoint"",""coordinates"":[]}"
1_20_13,719.3072545669605,41,21,2020,"{""type"":""MultiPoint"",""coordinates"":[]}"
1_20_14,23.396520444152827,46,21,2020,"{""type"":""MultiPoint"",""coordinates"":[]}"
1_21_0,3792.08260052305,3,22,2020,"{""type"":""MultiPoint"",""coordinates"":[]}"
1_21_1,1027.7181415597368,4,22,2020,"{""type"":""MultiPoint"",""coordinates"":[]}"
1_21_2,127.96704303796426,9,22,2020,"{""type"":""MultiPoint"",""coordinates"":[]}"
1_21_3,122.61237025659155,11,22,2020,"{""type"":""MultiPoint"",""coordinates"":[]}"
1_21_4,169.506307937743,12,22,2020,"{""type"":""MultiPoint"",""coordinates"":[]}"
1_21_5,13943.090420806591,15,22,2020,"{""type"":""MultiPoint"",""coordinates"":[]}"
1_21_6,123.7067340227674,20,22,2020,"{""type"":""MultiPoint"",""coordinates"":[]}"
1_21_7,4489.911424873146,21,22,2020,"{""type"":""MultiPoint"",""coordinates"":[]}"
1_21_8,853.9885312997104,24,22,2020,"{""type"":""MultiPoint"",""coordinates"":[]}"
1_21_9,54.31141502026376,25,22,2020,"{""type"":""MultiPoint"",""coordinates"":[]}"
1_21_10,3.552906267944337,30,22,2020,"{""type"":""MultiPoint"",""coordinates"":[]}"
1_21_11,68.66843010534761,33,22,2020,"{""type"":""MultiPoint"",""coordinates"":[]}"
1_21_12,3288.5383719173615,39,22,2020,"{""type"":""MultiPoint"",""coordinates"":[]}"
1_21_13,360.6632189622212,41,22,2020,"{""type"":""MultiPoint"",""coordinates"":[]}"
1_21_14,15.022903143554677,46,22,2020,"{""type"":""MultiPoint"",""coordinates"":[]}"
1_22_0,2833.107685726597,3,23,2020,"{""type"":""MultiPoint"",""coordinates"":[]}"
1_22_1,1451.3274969609781,4,23,2020,"{""type"":""MultiPoint"",""coordinates"":[]}"
1_22_2,306.45887673875956,9,23,2020,"{""type"":""MultiPoint"",""coordinates"":[]}"
1_22_3,179.15985242315776,11,23,2020,"{""type"":""MultiPoint"",""coordinates"":[]}"
1_22_4,1118.906719215978,12,23,2020,"{""type"":""MultiPoint"",""coordinates"":[]}"
1_22_5,6881.458221471755,15,23,2020,"{""type"":""MultiPoint"",""coordinates"":[]}"
1_22_6,191.62110081835817,20,23,2020,"{""type"":""MultiPoint"",""coordinates"":[]}"
1_22_7,5151.664445279958,21,23,2020,"{""type"":""MultiPoint"",""coordinates"":[]}"
1_22_8,116.9179882695874,24,23,2020,"{""type"":""MultiPoint"",""coordinates"":[]}"
1_22_9,40.8613174622803,25,23,2020,"{""type"":""MultiPoint"",""coordinates"":[]}"
1_22_10,27.126624192017925,30,23,2020,"{""type"":""MultiPoint"",""coordinates"":[]}"
1_22_11,705.12910057816,33,23,2020,"{""type"":""MultiPoint"",""coordinates"":[]}"
1_22_12,2693.067790090155,39,23,2020,"{""type"":""MultiPoint"",""coordinates"":[]}"
1_22_13,809.6512444145425,41,23,2020,"{""type"":""MultiPoint"",""coordinates"":[]}"
1_22_14,667.2717407319511,46,23,2020,"{""type"":""MultiPoint"",""coordinates"":[]}"
1_22_15,12.489943279663288,47,23,2020,"{""type"":""MultiPoint"",""coordinates"":[]}"
1_22_16,1.616042717834475,48,23,2020,"{""type"":""MultiPoint"",""coordinates"":[]}"
1_23_0,6414.703396197111,3,24,2020,"{""type"":""MultiPoint"",""coordinates"":[]}"
1_23_1,28145.975023223327,4,24,2020,"{""type"":""MultiPoint"",""coordinates"":[]}"
1_23_2,2.431713564514152,9,24,2020,"{""type"":""MultiPoint"",""coordinates"":[]}"
1_23_3,650.046388988892,11,24,2020,"{""type"":""MultiPoint"",""coordinates"":[]}"
1_23_4,13894.843236586972,12,24,2020,"{""type"":""MultiPoint"",""coordinates"":[]}"
1_23_5,3730.985266564682,15,24,2020,"{""type"":""MultiPoint"",""coordinates"":[]}"
1_23_6,105.15975533893244,20,24,2020,"{""type"":""MultiPoint"",""coordinates"":[]}"
1_23_7,813.4960096701764,21,24,2020,"{""type"":""MultiPoint"",""coordinates"":[]}"
1_23_8,35.40943238806149,24,24,2020,"{""type"":""MultiPoint"",""coordinates"":[]}"
1_23_9,88.27353507672132,25,24,2020,"{""type"":""MultiPoint"",""coordinates"":[]}"
1_23_10,209.87236645440606,33,24,2020,"{""type"":""MultiPoint"",""coordinates"":[]}"
1_23_11,1627.8762641629567,39,24,2020,"{""type"":""MultiPoint"",""coordinates"":[]}"
1_23_12,234.4801188541264,41,24,2020,"{""type"":""MultiPoint"",""coordinates"":[]}"
1_24_0,20581.277819912473,3,25,2020,"{""type"":""MultiPoint"",""coordinates"":[]}"
1_24_1,38569.914112284896,4,25,2020,"{""type"":""MultiPoint"",""coordinates"":[]}"
1_24_2,49.97554947845487,9,25,2020,"{""type"":""MultiPoint"",""coordinates"":[]}"
1_24_3,4901.761554949616,11,25,2020,"{""type"":""MultiPoint"",""coordinates"":[]}"
1_24_4,4138.952654805325,12,25,2020,"{""type"":""MultiPoint"",""coordinates"":[]}"
1_24_5,64026.11770742775,15,25,2020,"{""type"":""MultiPoint"",""coordinates"":[]}"
1_24_6,22.69021420025614,20,25,2020,"{""type"":""MultiPoint"",""coordinates"":[]}"
1_24_7,6325.621831090955,21,25,2020,"{""type"":""MultiPoint"",""coordinates"":[]}"
1_24_8,198.35097094537346,24,25,2020,"{""type"":""MultiPoint"",""coordinates"":[]}"
1_24_9,364.03701464544656,25,25,2020,"{""type"":""MultiPoint"",""coordinates"":[]}"
1_24_10,24.60003058514471,30,25,2020,"{""type"":""MultiPoint"",""coordinates"":[]}"
1_24_11,1208.7216650455941,33,25,2020,"{""type"":""MultiPoint"",""coordinates"":[]}"
1_24_12,4286.76532575454,39,25,2020,"{""type"":""MultiPoint"",""coordinates"":[]}"
1_24_13,599.0104981523793,40,25,2020,"{""type"":""MultiPoint"",""coordinates"":[]}"
1_24_14,473.95104021112064,41,25,2020,"{""type"":""MultiPoint"",""coordinates"":[]}"
1_24_15,4.871823582763669,46,25,2020,"{""type"":""MultiPoint"",""coordinates"":[]}"
1_25_0,8840.375219626265,3,26,2020,"{""type"":""MultiPoint"",""coordinates"":[]}"
1_25_1,19217.4881024134,4,26,2020,"{""type"":""MultiPoint"",""coordinates"":[]}"
1_25_2,0.14824654675292964,9,26,2020,"{""type"":""MultiPoint"",""coordinates"":[]}"
1_25_3,27710.7145743665,11,26,2020,"{""type"":""MultiPoint"",""coordinates"":[]}"
1_25_4,4543.9221851090215,12,26,2020,"{""type"":""MultiPoint"",""coordinates"":[]}"
1_25_5,7638.001314682204,15,26,2020,"{""type"":""MultiPoint"",""coordinates"":[]}"
1_25_6,1333.324858756648,21,26,2020,"{""type"":""MultiPoint"",""coordinates"":[]}"
1_25_7,23.743322743164242,24,26,2020,"{""type"":""MultiPoint"",""coordinates"":[]}"
1_25_8,216.87487041711464,25,26,2020,"{""type"":""MultiPoint"",""coordinates"":[]}"
1_25_9,1.0978047626953138,30,26,2020,"{""type"":""MultiPoint"",""coordinates"":[]}"
1_25_10,844.9666365486437,33,26,2020,"{""type"":""MultiPoint"",""coordinates"":[]}"
1_25_11,1375.7777091455507,39,26,2020,"{""type"":""MultiPoint"",""coordinates"":[]}"
1_25_12,373.1320499189681,40,26,2020,"{""type"":""MultiPoint"",""coordinates"":[]}"
1_25_13,80.28353649383533,41,26,2020,"{""type"":""MultiPoint"",""coordinates"":[]}"
1_26_0,3315.5095490372073,3,27,2020,"{""type"":""MultiPoint"",""coordinates"":[]}"
1_26_1,19088.312602847145,4,27,2020,"{""type"":""MultiPoint"",""coordinates"":[]}"
1_26_2,32.80123604748565,9,27,2020,"{""type"":""MultiPoint"",""coordinates"":[]}"
1_26_3,384.3657756542974,11,27,2020,"{""type"":""MultiPoint"",""coordinates"":[]}"
1_26_4,1376.6612825121997,12,27,2020,"{""type"":""MultiPoint"",""coordinates"":[]}"
1_26_5,10254.65053122932,15,27,2020,"{""type"":""MultiPoint"",""coordinates"":[]}"
1_26_6,2752.935110137192,21,27,2020,"{""type"":""MultiPoint"",""coordinates"":[]}"
1_26_7,25.98417980755616,24,27,2020,"{""type"":""MultiPoint"",""coordinates"":[]}"
1_26_8,70.10681590924068,25,27,2020,"{""type"":""MultiPoint"",""coordinates"":[]}"
1_26_9,1.0414774052124032,30,27,2020,"{""type"":""MultiPoint"",""coordinates"":[]}"
1_26_10,48.919002765991024,33,27,2020,"{""type"":""MultiPoint"",""coordinates"":[]}"
1_26_11,6845.368533840666,39,27,2020,"{""type"":""MultiPoint"",""coordinates"":[]}"
1_26_12,370.35489934795896,41,27,2020,"{""type"":""MultiPoint"",""coordinates"":[]}"
1_27_0,8461.759699854169,3,28,2020,"{""type"":""MultiPoint"",""coordinates"":[]}"
1_27_1,20943.348134003107,4,28,2020,"{""type"":""MultiPoint"",""coordinates"":[]}"
1_27_2,166.62571740789934,9,28,2020,"{""type"":""MultiPoint"",""coordinates"":[]}"
1_27_3,504.98926423223963,11,28,2020,"{""type"":""MultiPoint"",""coordinates"":[]}"
1_27_4,376.6047288703503,12,28,2020,"{""type"":""MultiPoint"",""coordinates"":[]}"
1_27_5,11787.700468698393,15,28,2020,"{""type"":""MultiPoint"",""coordinates"":[]}"
1_27_6,12.6146327326662,20,28,2020,"{""type"":""MultiPoint"",""coordinates"":[]}"
1_27_7,1986.6576434818182,21,28,2020,"{""type"":""MultiPoint"",""coordinates"":[]}"
1_27_8,308.30542280135927,24,28,2020,"{""type"":""MultiPoint"",""coordinates"":[]}"
1_27_9,238.17743477276576,25,28,2020,"{""type"":""MultiPoint"",""coordinates"":[]}"
1_27_10,56.38028503747452,30,28,2020,"{""type"":""MultiPoint"",""coordinates"":[]}"
1_27_11,412.8724075886187,33,28,2020,"{""type"":""MultiPoint"",""coordinates"":[]}"
1_27_12,3697.2524883923106,39,28,2020,"{""type"":""MultiPoint"",""coordinates"":[]}"
1_27_13,221.4529911568612,41,28,2020,"{""type"":""MultiPoint"",""coordinates"":[]}"
1_28_0,28684.882340769236,3,29,2020,"{""type"":""MultiPoint"",""coordinates"":[]}"
1_28_1,26656.26544616714,4,29,2020,"{""type"":""MultiPoint"",""coordinates"":[]}"
1_28_2,40.23133756750483,9,29,2020,"{""type"":""MultiPoint"",""coordinates"":[]}"
1_28_3,1.5531089046020525,11,29,2020,"{""type"":""MultiPoint"",""coordinates"":[]}"
1_28_4,11637.645393100618,12,29,2020,"{""type"":""MultiPoint"",""coordinates"":[]}"
1_28_5,2710.8343363375247,15,29,2020,"{""type"":""MultiPoint"",""coordinates"":[]}"
1_28_6,129.1576523398406,20,29,2020,"{""type"":""MultiPoint"",""coordinates"":[]}"
1_28_7,1119.769507497865,21,29,2020,"{""type"":""MultiPoint"",""coordinates"":[]}"
1_28_8,156.1738473187932,24,29,2020,"{""type"":""MultiPoint"",""coordinates"":[]}"
1_28_9,447.3064428897697,25,29,2020,"{""type"":""MultiPoint"",""coordinates"":[]}"
1_28_10,146.70976887451133,33,29,2020,"{""type"":""MultiPoint"",""coordinates"":[]}"
1_28_11,29824.796567351612,39,29,2020,"{""type"":""MultiPoint"",""coordinates"":[]}"
1_28_12,845.4685017628177,41,29,2020,"{""type"":""MultiPoint"",""coordinates"":[]}"
1_29_0,2725.555869263231,3,30,2020,"{""type"":""MultiPoint"",""coordinates"":[]}"
1_29_1,15340.344088271711,4,30,2020,"{""type"":""MultiPoint"",""coordinates"":[]}"
1_29_2,36.83574983862284,9,30,2020,"{""type"":""MultiPoint"",""coordinates"":[]}"
1_29_3,636.7966138763463,11,30,2020,"{""type"":""MultiPoint"",""coordinates"":[]}"
1_29_4,917.6075098499158,12,30,2020,"{""type"":""MultiPoint"",""coordinates"":[]}"
1_29_5,15019.18532912284,15,30,2020,"{""type"":""MultiPoint"",""coordinates"":[]}"
1_29_6,110.57093234046039,20,30,2020,"{""type"":""MultiPoint"",""coordinates"":[]}"
1_29_7,2087.1117279482996,21,30,2020,"{""type"":""MultiPoint"",""coordinates"":[]}"
1_29_8,20.045146568481393,24,30,2020,"{""type"":""MultiPoint"",""coordinates"":[]}"
1_29_9,35.50574870855713,25,30,2020,"{""type"":""MultiPoint"",""coordinates"":[]}"
1_29_10,80.33257426440427,33,30,2020,"{""type"":""MultiPoint"",""coordinates"":[]}"
1_29_11,6718.583453463486,39,30,2020,"{""type"":""MultiPoint"",""coordinates"":[]}"
1_29_12,538.8602650156182,41,30,2020,"{""type"":""MultiPoint"",""coordinates"":[]}"
1_29_13,3.524853498779296,46,30,2020,"{""type"":""MultiPoint"",""coordinates"":[]}"
1_30_0,4558.2858572287705,3,31,2020,"{""type"":""MultiPoint"",""coordinates"":[]}"
1_30_1,8240.034354763236,4,31,2020,"{""type"":""MultiPoint"",""coordinates"":[]}"
1_30_2,238.1796277261935,9,31,2020,"{""type"":""MultiPoint"",""coordinates"":[]}"
1_30_3,591.9880936467916,11,31,2020,"{""type"":""MultiPoint"",""coordinates"":[]}"
1_30_4,537.4807729708765,12,31,2020,"{""type"":""MultiPoint"",""coordinates"":[]}"
1_30_5,11978.475446078412,15,31,2020,"{""type"":""MultiPoint"",""coordinates"":[]}"
1_30_6,55.112655845826694,20,31,2020,"{""type"":""MultiPoint"",""coordinates"":[]}"
1_30_7,2609.8672847784064,21,31,2020,"{""type"":""MultiPoint"",""coordinates"":[]}"
1_30_8,150.30638874750196,24,31,2020,"{""type"":""MultiPoint"",""coordinates"":[]}"
1_30_9,59.78306473809812,25,31,2020,"{""type"":""MultiPoint"",""coordinates"":[]}"
1_30_10,0.04195268560791016,30,31,2020,"{""type"":""MultiPoint"",""coordinates"":[]}"
1_30_11,73.93013789263925,33,31,2020,"{""type"":""MultiPoint"",""coordinates"":[]}"
1_30_12,8040.231379779235,39,31,2020,"{""type"":""MultiPoint"",""coordinates"":[]}"
1_30_13,504.58948742602075,41,31,2020,"{""type"":""MultiPoint"",""coordinates"":[]}"
1_31_0,4369.408350720505,3,32,2020,"{""type"":""MultiPoint"",""coordinates"":[]}"
1_31_1,4905.693299729402,4,32,2020,"{""type"":""MultiPoint"",""coordinates"":[]}"
1_31_2,197.92379930694514,9,32,2020,"{""type"":""MultiPoint"",""coordinates"":[]}"
1_31_3,664.0732839569679,11,32,2020,"{""type"":""MultiPoint"",""coordinates"":[]}"
1_31_4,79.40995096179184,12,32,2020,"{""type"":""MultiPoint"",""coordinates"":[]}"
1_31_5,14174.899106103843,15,32,2020,"{""type"":""MultiPoint"",""coordinates"":[]}"
1_31_6,240.20491958161813,20,32,2020,"{""type"":""MultiPoint"",""coordinates"":[]}"
1_31_7,1694.2461445819117,21,32,2020,"{""type"":""MultiPoint"",""coordinates"":[]}"
1_31_8,25.640480843201523,24,32,2020,"{""type"":""MultiPoint"",""coordinates"":[]}"
1_31_9,20.73483460845949,25,32,2020,"{""type"":""MultiPoint"",""coordinates"":[]}"
1_31_10,48.005226780335214,33,32,2020,"{""type"":""MultiPoint"",""coordinates"":[]}"
1_31_11,1172.579174133932,39,32,2020,"{""type"":""MultiPoint"",""coordinates"":[]}"
1_31_12,62.14405024163895,41,32,2020,"{""type"":""MultiPoint"",""coordinates"":[]}"
1_32_0,4886.824140910783,3,33,2020,"{""type"":""MultiPoint"",""coordinates"":[]}"
1_32_1,920.5381654857185,4,33,2020,"{""type"":""MultiPoint"",""coordinates"":[]}"
1_32_2,97.719410699644,9,33,2020,"{""type"":""MultiPoint"",""coordinates"":[]}"
1_32_3,335.5816099717994,11,33,2020,"{""type"":""MultiPoint"",""coordinates"":[]}"
1_32_4,70.43128878674317,12,33,2020,"{""type"":""MultiPoint"",""coordinates"":[]}"
1_32_5,9345.861022320534,15,33,2020,"{""type"":""MultiPoint"",""coordinates"":[]}"
1_32_6,306.55027092721673,20,33,2020,"{""type"":""MultiPoint"",""coordinates"":[]}"
1_32_7,1849.4889128361897,21,33,2020,"{""type"":""MultiPoint"",""coordinates"":[]}"
1_32_8,38.77184987432908,24,33,2020,"{""type"":""MultiPoint"",""coordinates"":[]}"
1_32_9,17.429497722106927,25,33,2020,"{""type"":""MultiPoint"",""coordinates"":[]}"
1_32_10,17.213966312133795,33,33,2020,"{""type"":""MultiPoint"",""coordinates"":[]}"
1_32_11,3530.823092848682,39,33,2020,"{""type"":""MultiPoint"",""coordinates"":[]}"
1_32_12,53.18898691021725,41,33,2020,"{""type"":""MultiPoint"",""coordinates"":[]}"
1_33_0,9481.240806804863,3,34,2020,"{""type"":""MultiPoint"",""coordinates"":[]}"
1_33_1,4804.628182555818,4,34,2020,"{""type"":""MultiPoint"",""coordinates"":[]}"
1_33_2,482.4167008703798,9,34,2020,"{""type"":""MultiPoint"",""coordinates"":[]}"
1_33_3,2212.9489498878875,11,34,2020,"{""type"":""MultiPoint"",""coordinates"":[]}"
1_33_4,1837.9683599074408,12,34,2020,"{""type"":""MultiPoint"",""coordinates"":[]}"
1_33_5,31030.250158528,15,34,2020,"{""type"":""MultiPoint"",""coordinates"":[]}"
1_33_6,7144.937779276633,20,34,2020,"{""type"":""MultiPoint"",""coordinates"":[]}"
1_33_7,11737.482581988239,21,34,2020,"{""type"":""MultiPoint"",""coordinates"":[]}"
1_33_8,293.0397319578841,24,34,2020,"{""type"":""MultiPoint"",""coordinates"":[]}"
1_33_9,154.9460981559449,25,34,2020,"{""type"":""MultiPoint"",""coordinates"":[]}"
1_33_10,0.2924837449340811,30,34,2020,"{""type"":""MultiPoint"",""coordinates"":[]}"
1_33_11,457.9128376833496,33,34,2020,"{""type"":""MultiPoint"",""coordinates"":[]}"
1_33_12,19625.79315053703,39,34,2020,"{""type"":""MultiPoint"",""coordinates"":[]}"
1_33_13,1835.306519270381,41,34,2020,"{""type"":""MultiPoint"",""coordinates"":[]}"
1_33_14,10.668835640014663,46,34,2020,"{""type"":""MultiPoint"",""coordinates"":[]}"
1_34_0,4372.443687222788,3,35,2020,"{""type"":""MultiPoint"",""coordinates"":[]}"
1_34_1,3362.829132427432,4,35,2020,"{""type"":""MultiPoint"",""coordinates"":[]}"
1_34_2,5047.425660437197,9,35,2020,"{""type"":""MultiPoint"",""coordinates"":[]}"
1_34_3,1260.6293676826028,11,35,2020,"{""type"":""MultiPoint"",""coordinates"":[]}"
1_34_4,144.79425480242938,12,35,2020,"{""type"":""MultiPoint"",""coordinates"":[]}"
1_34_5,28049.62590869447,15,35,2020,"{""type"":""MultiPoint"",""coordinates"":[]}"
1_34_6,755.0228960953184,20,35,2020,"{""type"":""MultiPoint"",""coordinates"":[]}"
1_34_7,3183.2057440339267,21,35,2020,"{""type"":""MultiPoint"",""coordinates"":[]}"
1_34_8,79.15751778082284,24,35,2020,"{""type"":""MultiPoint"",""coordinates"":[]}"
1_34_9,31.714051660705618,25,35,2020,"{""type"":""MultiPoint"",""coordinates"":[]}"
1_34_10,404.09787772906213,33,35,2020,"{""type"":""MultiPoint"",""coordinates"":[]}"
1_34_11,1058.7153566652812,39,35,2020,"{""type"":""MultiPoint"",""coordinates"":[]}"
1_34_12,249.42699829962507,41,35,2020,"{""type"":""MultiPoint"",""coordinates"":[]}"
1_35_0,5076.023187014119,3,36,2020,"{""type"":""MultiPoint"",""coordinates"":[]}"
1_35_1,3183.618079739893,4,36,2020,"{""type"":""MultiPoint"",""coordinates"":[]}"
1_35_2,2405.3906664568844,9,36,2020,"{""type"":""MultiPoint"",""coordinates"":[]}"
1_35_3,916.834889468503,11,36,2020,"{""type"":""MultiPoint"",""coordinates"":[]}"
1_35_4,461.0944955844122,12,36,2020,"{""type"":""MultiPoint"",""coordinates"":[]}"
1_35_5,30107.736252987488,15,36,2020,"{""type"":""MultiPoint"",""coordinates"":[]}"
1_35_6,860.5725256689814,20,36,2020,"{""type"":""MultiPoint"",""coordinates"":[]}"
1_35_7,3844.960526351734,21,36,2020,"{""type"":""MultiPoint"",""coordinates"":[]}"
1_35_8,270.86747479204297,24,36,2020,"{""type"":""MultiPoint"",""coordinates"":[]}"
1_35_9,33.28349975518805,25,36,2020,"{""type"":""MultiPoint"",""coordinates"":[]}"
1_35_10,74.96351763665758,33,36,2020,"{""type"":""MultiPoint"",""coordinates"":[]}"
1_35_11,3508.134386652396,39,36,2020,"{""type"":""MultiPoint"",""coordinates"":[]}"
1_35_12,116.97185385736165,41,36,2020,"{""type"":""MultiPoint"",""coordinates"":[]}"
1_36_0,2544.6035370678574,3,37,2020,"{""type"":""MultiPoint"",""coordinates"":[]}"
1_36_1,350.458469115295,4,37,2020,"{""type"":""MultiPoint"",""coordinates"":[]}"
1_36_2,83.58872052984589,9,37,2020,"{""type"":""MultiPoint"",""coordinates"":[]}"
1_36_3,474.10581127050654,11,37,2020,"{""type"":""MultiPoint"",""coordinates"":[]}"
1_36_4,243.73803825463804,12,37,2020,"{""type"":""MultiPoint"",""coordinates"":[]}"
1_36_5,6281.594106919238,15,37,2020,"{""type"":""MultiPoint"",""coordinates"":[]}"
1_36_6,1203.6122075027235,20,37,2020,"{""type"":""MultiPoint"",""coordinates"":[]}"
1_36_7,2939.5114614521535,21,37,2020,"{""type"":""MultiPoint"",""coordinates"":[]}"
1_36_8,94.16317830645501,24,37,2020,"{""type"":""MultiPoint"",""coordinates"":[]}"
1_36_9,29.062899035949705,25,37,2020,"{""type"":""MultiPoint"",""coordinates"":[]}"
1_36_10,32.26476957476808,33,37,2020,"{""type"":""MultiPoint"",""coordinates"":[]}"
1_36_11,10102.849757516808,39,37,2020,"{""type"":""MultiPoint"",""coordinates"":[]}"
1_36_12,204.52531869604502,41,37,2020,"{""type"":""MultiPoint"",""coordinates"":[]}"
1_37_0,10370.527691627323,3,38,2020,"{""type"":""MultiPoint"",""coordinates"":[]}"
1_37_1,5319.812272270543,4,38,2020,"{""type"":""MultiPoint"",""coordinates"":[]}"
1_37_2,27.525782632080038,9,38,2020,"{""type"":""MultiPoint"",""coordinates"":[]}"
1_37_3,1114.7343939217662,11,38,2020,"{""type"":""MultiPoint"",""coordinates"":[]}"
1_37_4,140.99710528955086,12,38,2020,"{""type"":""MultiPoint"",""coordinates"":[]}"
1_37_5,16901.580891114034,15,38,2020,"{""type"":""MultiPoint"",""coordinates"":[]}"
1_37_6,19.99192291772488,20,38,2020,"{""type"":""MultiPoint"",""coordinates"":[]}"
1_37_7,4353.612714351106,21,38,2020,"{""type"":""MultiPoint"",""coordinates"":[]}"
1_37_8,69.28599459197963,24,38,2020,"{""type"":""MultiPoint"",""coordinates"":[]}"
1_37_9,32.98216086614992,25,38,2020,"{""type"":""MultiPoint"",""coordinates"":[]}"
1_37_10,1.630775432922368,30,38,2020,"{""type"":""MultiPoint"",""coordinates"":[]}"
1_37_11,41.76195866937248,33,38,2020,"{""type"":""MultiPoint"",""coordinates"":[]}"
1_37_12,1845.5734796710394,39,38,2020,"{""type"":""MultiPoint"",""coordinates"":[]}"
1_37_13,75.28046741381813,41,38,2020,"{""type"":""MultiPoint"",""coordinates"":[]}"
