system:index,area,class_id,territory,year,.geo
0_0_0,2076.764910797028,211,1,constant,"{""type"":""MultiPoint"",""coordinates"":[]}"
0_0_1,103.78501662347469,213,1,constant,"{""type"":""MultiPoint"",""coordinates"":[]}"
0_0_2,87.53208128393572,214,1,constant,"{""type"":""MultiPoint"",""coordinates"":[]}"
0_0_3,1450.1046577694817,219,1,constant,"{""type"":""MultiPoint"",""coordinates"":[]}"
0_0_4,6288.160922263059,1213,1,constant,"{""type"":""MultiPoint"",""coordinates"":[]}"
0_0_5,3473.0756967949737,1214,1,constant,"{""type"":""MultiPoint"",""coordinates"":[]}"
0_0_6,13.969305269836433,2234,1,constant,"{""type"":""MultiPoint"",""coordinates"":[]}"
0_0_7,11600.498328857451,13134,1,constant,"{""type"":""MultiPoint"",""coordinates"":[]}"
0_1_0,3214.705794402604,211,2,constant,"{""type"":""MultiPoint"",""coordinates"":[]}"
0_1_1,82.26211952642811,213,2,constant,"{""type"":""MultiPoint"",""coordinates"":[]}"
0_1_2,700.4377255379063,214,2,constant,"{""type"":""MultiPoint"",""coordinates"":[]}"
0_1_3,441.31268782428106,219,2,constant,"{""type"":""MultiPoint"",""coordinates"":[]}"
0_1_4,2612.7487445413767,1213,2,constant,"{""type"":""MultiPoint"",""coordinates"":[]}"
0_1_5,4806.749488692203,1214,2,constant,"{""type"":""MultiPoint"",""coordinates"":[]}"
0_1_6,19.94893332934571,2234,2,constant,"{""type"":""MultiPoint"",""coordinates"":[]}"
0_1_7,4187.551245130543,13134,2,constant,"{""type"":""MultiPoint"",""coordinates"":[]}"
0_2_0,1779.2015767662429,211,3,constant,"{""type"":""MultiPoint"",""coordinates"":[]}"
0_2_1,152.00902586578215,213,3,constant,"{""type"":""MultiPoint"",""coordinates"":[]}"
0_2_2,982.225276095033,214,3,constant,"{""type"":""MultiPoint"",""coordinates"":[]}"
0_2_3,51.46077803210562,219,3,constant,"{""type"":""MultiPoint"",""coordinates"":[]}"
0_2_4,689.3225240715756,1213,3,constant,"{""type"":""MultiPoint"",""coordinates"":[]}"
0_2_5,4167.249003592628,1214,3,constant,"{""type"":""MultiPoint"",""coordinates"":[]}"
0_2_6,62.53771994024655,2234,3,constant,"{""type"":""MultiPoint"",""coordinates"":[]}"
0_2_7,5456.02508985718,13134,3,constant,"{""type"":""MultiPoint"",""coordinates"":[]}"
0_3_0,14.310776551757781,211,4,constant,"{""type"":""MultiPoint"",""coordinates"":[]}"
0_3_1,2.015758470153808,213,4,constant,"{""type"":""MultiPoint"",""coordinates"":[]}"
0_3_2,16.86989802691651,214,4,constant,"{""type"":""MultiPoint"",""coordinates"":[]}"
0_3_3,1.3581322714843729,219,4,constant,"{""type"":""MultiPoint"",""coordinates"":[]}"
0_3_4,27.441381212707437,1213,4,constant,"{""type"":""MultiPoint"",""coordinates"":[]}"
0_3_5,55.28288081457508,1214,4,constant,"{""type"":""MultiPoint"",""coordinates"":[]}"
0_3_6,0.5152106443481445,2234,4,constant,"{""type"":""MultiPoint"",""coordinates"":[]}"
0_3_7,347.7651980236266,13134,4,constant,"{""type"":""MultiPoint"",""coordinates"":[]}"
0_4_0,19.76636505029296,211,5,constant,"{""type"":""MultiPoint"",""coordinates"":[]}"
0_4_1,0.8682675514526366,212,5,constant,"{""type"":""MultiPoint"",""coordinates"":[]}"
0_4_2,13.250201060607889,213,5,constant,"{""type"":""MultiPoint"",""coordinates"":[]}"
0_4_3,74.9405147142945,214,5,constant,"{""type"":""MultiPoint"",""coordinates"":[]}"
0_4_4,0.06285513568115236,219,5,constant,"{""type"":""MultiPoint"",""coordinates"":[]}"
0_4_5,0.38502648382568355,1212,5,constant,"{""type"":""MultiPoint"",""coordinates"":[]}"
0_4_6,38.60624952185061,1213,5,constant,"{""type"":""MultiPoint"",""coordinates"":[]}"
0_4_7,29.391613709350594,1214,5,constant,"{""type"":""MultiPoint"",""coordinates"":[]}"
0_4_8,0.36472348504638674,2223,5,constant,"{""type"":""MultiPoint"",""coordinates"":[]}"
0_4_9,0.9364295634155273,2224,5,constant,"{""type"":""MultiPoint"",""coordinates"":[]}"
0_4_10,7.711397427185058,2234,5,constant,"{""type"":""MultiPoint"",""coordinates"":[]}"
0_4_11,7.096688984069826,13123,5,constant,"{""type"":""MultiPoint"",""coordinates"":[]}"
0_4_12,8.000300501342778,13124,5,constant,"{""type"":""MultiPoint"",""coordinates"":[]}"
0_4_13,2184.802475715277,13134,5,constant,"{""type"":""MultiPoint"",""coordinates"":[]}"
0_4_14,1.4983331930541994,23234,5,constant,"{""type"":""MultiPoint"",""coordinates"":[]}"
0_4_15,623.6667527587247,141234,5,constant,"{""type"":""MultiPoint"",""coordinates"":[]}"
0_5_0,371.5580224669732,211,6,constant,"{""type"":""MultiPoint"",""coordinates"":[]}"
0_5_1,108.17332326654052,212,6,constant,"{""type"":""MultiPoint"",""coordinates"":[]}"
0_5_2,177.32699767291382,213,6,constant,"{""type"":""MultiPoint"",""coordinates"":[]}"
0_5_3,546.6171070269746,214,6,constant,"{""type"":""MultiPoint"",""coordinates"":[]}"
0_5_4,10.47294596093751,219,6,constant,"{""type"":""MultiPoint"",""coordinates"":[]}"
0_5_5,70.54312492517087,1212,6,constant,"{""type"":""MultiPoint"",""coordinates"":[]}"
0_5_6,203.30806778051647,1213,6,constant,"{""type"":""MultiPoint"",""coordinates"":[]}"
0_5_7,942.9255279464019,1214,6,constant,"{""type"":""MultiPoint"",""coordinates"":[]}"
0_5_8,10.973678184814457,2223,6,constant,"{""type"":""MultiPoint"",""coordinates"":[]}"
0_5_9,96.20839366210954,2224,6,constant,"{""type"":""MultiPoint"",""coordinates"":[]}"
0_5_10,25.221317808288553,2234,6,constant,"{""type"":""MultiPoint"",""coordinates"":[]}"
0_5_11,316.9316841073044,13123,6,constant,"{""type"":""MultiPoint"",""coordinates"":[]}"
0_5_12,916.7775140573827,13124,6,constant,"{""type"":""MultiPoint"",""coordinates"":[]}"
0_5_13,1587.2023155445481,13134,6,constant,"{""type"":""MultiPoint"",""coordinates"":[]}"
0_5_14,6.240283567932125,23234,6,constant,"{""type"":""MultiPoint"",""coordinates"":[]}"
0_5_15,1429.072981453867,141234,6,constant,"{""type"":""MultiPoint"",""coordinates"":[]}"
0_6_0,14.77369491577152,211,7,constant,"{""type"":""MultiPoint"",""coordinates"":[]}"
0_6_1,0.23053848736572263,212,7,constant,"{""type"":""MultiPoint"",""coordinates"":[]}"
0_6_2,8.528829346435552,213,7,constant,"{""type"":""MultiPoint"",""coordinates"":[]}"
0_6_3,7.219593334838857,214,7,constant,"{""type"":""MultiPoint"",""coordinates"":[]}"
0_6_4,0.006163244567871094,1212,7,constant,"{""type"":""MultiPoint"",""coordinates"":[]}"
0_6_5,3.4155649900512683,1213,7,constant,"{""type"":""MultiPoint"",""coordinates"":[]}"
0_6_6,5.350700262207004,1214,7,constant,"{""type"":""MultiPoint"",""coordinates"":[]}"
0_6_7,0.01318859454345703,2223,7,constant,"{""type"":""MultiPoint"",""coordinates"":[]}"
0_6_8,0.06607985363769533,2224,7,constant,"{""type"":""MultiPoint"",""coordinates"":[]}"
0_6_9,1.4245810945434574,2234,7,constant,"{""type"":""MultiPoint"",""coordinates"":[]}"
0_6_10,0.8748263969726561,13123,7,constant,"{""type"":""MultiPoint"",""coordinates"":[]}"
0_6_11,0.3213499052734375,13124,7,constant,"{""type"":""MultiPoint"",""coordinates"":[]}"
0_6_12,433.4589065158798,13134,7,constant,"{""type"":""MultiPoint"",""coordinates"":[]}"
0_6_13,0.029043082824707033,23234,7,constant,"{""type"":""MultiPoint"",""coordinates"":[]}"
0_6_14,97.82123238238565,141234,7,constant,"{""type"":""MultiPoint"",""coordinates"":[]}"
0_7_0,243.18043591851801,211,8,constant,"{""type"":""MultiPoint"",""coordinates"":[]}"
0_7_1,535.2478791079093,212,8,constant,"{""type"":""MultiPoint"",""coordinates"":[]}"
0_7_2,314.96415786230375,213,8,constant,"{""type"":""MultiPoint"",""coordinates"":[]}"
0_7_3,260.5518495753172,214,8,constant,"{""type"":""MultiPoint"",""coordinates"":[]}"
0_7_4,0.01581541094970703,219,8,constant,"{""type"":""MultiPoint"",""coordinates"":[]}"
0_7_5,67.45480622576913,1212,8,constant,"{""type"":""MultiPoint"",""coordinates"":[]}"
0_7_6,136.57969886828607,1213,8,constant,"{""type"":""MultiPoint"",""coordinates"":[]}"
0_7_7,91.46954245452896,1214,8,constant,"{""type"":""MultiPoint"",""coordinates"":[]}"
0_7_8,34.60586503576661,2223,8,constant,"{""type"":""MultiPoint"",""coordinates"":[]}"
0_7_9,170.94077415710473,2224,8,constant,"{""type"":""MultiPoint"",""coordinates"":[]}"
0_7_10,44.082724848510736,2234,8,constant,"{""type"":""MultiPoint"",""coordinates"":[]}"
0_7_11,86.21225760864283,13123,8,constant,"{""type"":""MultiPoint"",""coordinates"":[]}"
0_7_12,237.62996230432216,13124,8,constant,"{""type"":""MultiPoint"",""coordinates"":[]}"
0_7_13,491.2405080792228,13134,8,constant,"{""type"":""MultiPoint"",""coordinates"":[]}"
0_7_14,48.299884462341296,23234,8,constant,"{""type"":""MultiPoint"",""coordinates"":[]}"
0_7_15,4089.0212064412312,141234,8,constant,"{""type"":""MultiPoint"",""coordinates"":[]}"
0_8_0,28.49645458758546,211,9,constant,"{""type"":""MultiPoint"",""coordinates"":[]}"
0_8_1,160.65127535418685,212,9,constant,"{""type"":""MultiPoint"",""coordinates"":[]}"
0_8_2,165.20989941192607,213,9,constant,"{""type"":""MultiPoint"",""coordinates"":[]}"
0_8_3,39.369965247497575,214,9,constant,"{""type"":""MultiPoint"",""coordinates"":[]}"
0_8_4,0.0017446798706054686,219,9,constant,"{""type"":""MultiPoint"",""coordinates"":[]}"
0_8_5,4.3828253237915025,1212,9,constant,"{""type"":""MultiPoint"",""coordinates"":[]}"
0_8_6,26.527207258911137,1213,9,constant,"{""type"":""MultiPoint"",""coordinates"":[]}"
0_8_7,11.297161817077631,1214,9,constant,"{""type"":""MultiPoint"",""coordinates"":[]}"
0_8_8,20.26373449206543,2223,9,constant,"{""type"":""MultiPoint"",""coordinates"":[]}"
0_8_9,27.31257755480957,2224,9,constant,"{""type"":""MultiPoint"",""coordinates"":[]}"
0_8_10,11.41262674169922,2234,9,constant,"{""type"":""MultiPoint"",""coordinates"":[]}"
0_8_11,9.54242325073242,13123,9,constant,"{""type"":""MultiPoint"",""coordinates"":[]}"
0_8_12,26.922648229858375,13124,9,constant,"{""type"":""MultiPoint"",""coordinates"":[]}"
0_8_13,70.07583017840578,13134,9,constant,"{""type"":""MultiPoint"",""coordinates"":[]}"
0_8_14,17.53809149237062,23234,9,constant,"{""type"":""MultiPoint"",""coordinates"":[]}"
0_8_15,507.0468789535506,141234,9,constant,"{""type"":""MultiPoint"",""coordinates"":[]}"
0_9_0,95.7406042346803,211,10,constant,"{""type"":""MultiPoint"",""coordinates"":[]}"
0_9_1,80.36791090368651,212,10,constant,"{""type"":""MultiPoint"",""coordinates"":[]}"
0_9_2,176.22508821765055,213,10,constant,"{""type"":""MultiPoint"",""coordinates"":[]}"
0_9_3,93.92016877417001,214,10,constant,"{""type"":""MultiPoint"",""coordinates"":[]}"
0_9_4,2.662909965637208,1212,10,constant,"{""type"":""MultiPoint"",""coordinates"":[]}"
0_9_5,28.691747706848155,1213,10,constant,"{""type"":""MultiPoint"",""coordinates"":[]}"
0_9_6,69.8147659077753,1214,10,constant,"{""type"":""MultiPoint"",""coordinates"":[]}"
0_9_7,26.00008258404542,2223,10,constant,"{""type"":""MultiPoint"",""coordinates"":[]}"
0_9_8,27.603726660095223,2224,10,constant,"{""type"":""MultiPoint"",""coordinates"":[]}"
0_9_9,31.999371812011738,2234,10,constant,"{""type"":""MultiPoint"",""coordinates"":[]}"
0_9_10,11.729890266601565,13123,10,constant,"{""type"":""MultiPoint"",""coordinates"":[]}"
0_9_11,8.218754676025394,13124,10,constant,"{""type"":""MultiPoint"",""coordinates"":[]}"
0_9_12,1645.8903570053835,13134,10,constant,"{""type"":""MultiPoint"",""coordinates"":[]}"
0_9_13,37.579674113647485,23234,10,constant,"{""type"":""MultiPoint"",""coordinates"":[]}"
0_9_14,392.7143882752675,141234,10,constant,"{""type"":""MultiPoint"",""coordinates"":[]}"
0_10_0,9.84890189392092,211,11,constant,"{""type"":""MultiPoint"",""coordinates"":[]}"
0_10_1,2.925828851867677,213,11,constant,"{""type"":""MultiPoint"",""coordinates"":[]}"
0_10_2,8.17340615356445,214,11,constant,"{""type"":""MultiPoint"",""coordinates"":[]}"
0_10_3,1.6906415790405271,1213,11,constant,"{""type"":""MultiPoint"",""coordinates"":[]}"
0_10_4,3.3644172587890626,1214,11,constant,"{""type"":""MultiPoint"",""coordinates"":[]}"
0_10_5,2.44417879394531,2234,11,constant,"{""type"":""MultiPoint"",""coordinates"":[]}"
0_10_6,261.04371465778416,13134,11,constant,"{""type"":""MultiPoint"",""coordinates"":[]}"
0_11_0,13.136136613708514,211,12,constant,"{""type"":""MultiPoint"",""coordinates"":[]}"
0_11_1,139.1219007151512,212,12,constant,"{""type"":""MultiPoint"",""coordinates"":[]}"
0_11_2,112.78617933758696,213,12,constant,"{""type"":""MultiPoint"",""coordinates"":[]}"
0_11_3,162.3491737321776,214,12,constant,"{""type"":""MultiPoint"",""coordinates"":[]}"
0_11_4,8.728775024414063E-4,219,12,constant,"{""type"":""MultiPoint"",""coordinates"":[]}"
0_11_5,1.7104951588745119,1212,12,constant,"{""type"":""MultiPoint"",""coordinates"":[]}"
0_11_6,5.856763568176268,1213,12,constant,"{""type"":""MultiPoint"",""coordinates"":[]}"
0_11_7,7.96660461401368,1214,12,constant,"{""type"":""MultiPoint"",""coordinates"":[]}"
0_11_8,30.697107641357455,2223,12,constant,"{""type"":""MultiPoint"",""coordinates"":[]}"
0_11_9,67.80275300726423,2224,12,constant,"{""type"":""MultiPoint"",""coordinates"":[]}"
0_11_10,38.67629976538087,2234,12,constant,"{""type"":""MultiPoint"",""coordinates"":[]}"
0_11_11,2.786809224609377,13123,12,constant,"{""type"":""MultiPoint"",""coordinates"":[]}"
0_11_12,6.561340715576161,13124,12,constant,"{""type"":""MultiPoint"",""coordinates"":[]}"
0_11_13,182.93351122577135,13134,12,constant,"{""type"":""MultiPoint"",""coordinates"":[]}"
0_11_14,54.48066889361663,23234,12,constant,"{""type"":""MultiPoint"",""coordinates"":[]}"
0_11_15,89.70688854589876,141234,12,constant,"{""type"":""MultiPoint"",""coordinates"":[]}"
0_12_0,459.9065929460419,211,13,constant,"{""type"":""MultiPoint"",""coordinates"":[]}"
0_12_1,324.4297193983145,212,13,constant,"{""type"":""MultiPoint"",""coordinates"":[]}"
0_12_2,200.02804293414317,213,13,constant,"{""type"":""MultiPoint"",""coordinates"":[]}"
0_12_3,132.63018408746333,214,13,constant,"{""type"":""MultiPoint"",""coordinates"":[]}"
0_12_4,0.001726243408203125,219,13,constant,"{""type"":""MultiPoint"",""coordinates"":[]}"
0_12_5,69.09082400451659,1212,13,constant,"{""type"":""MultiPoint"",""coordinates"":[]}"
0_12_6,192.6902691895144,1213,13,constant,"{""type"":""MultiPoint"",""coordinates"":[]}"
0_12_7,87.55619055670162,1214,13,constant,"{""type"":""MultiPoint"",""coordinates"":[]}"
0_12_8,20.714575513122558,2223,13,constant,"{""type"":""MultiPoint"",""coordinates"":[]}"
0_12_9,143.95745872821047,2224,13,constant,"{""type"":""MultiPoint"",""coordinates"":[]}"
0_12_10,27.866266860656747,2234,13,constant,"{""type"":""MultiPoint"",""coordinates"":[]}"
0_12_11,56.118779523376425,13123,13,constant,"{""type"":""MultiPoint"",""coordinates"":[]}"
0_12_12,166.568280845215,13124,13,constant,"{""type"":""MultiPoint"",""coordinates"":[]}"
0_12_13,283.4409652277844,13134,13,constant,"{""type"":""MultiPoint"",""coordinates"":[]}"
0_12_14,37.06826034405515,23234,13,constant,"{""type"":""MultiPoint"",""coordinates"":[]}"
0_12_15,2032.573812157218,141234,13,constant,"{""type"":""MultiPoint"",""coordinates"":[]}"
0_13_0,321.2664531008303,211,14,constant,"{""type"":""MultiPoint"",""coordinates"":[]}"
0_13_1,531.7711662275996,212,14,constant,"{""type"":""MultiPoint"",""coordinates"":[]}"
0_13_2,814.8662705315616,213,14,constant,"{""type"":""MultiPoint"",""coordinates"":[]}"
0_13_3,578.2800722448751,214,14,constant,"{""type"":""MultiPoint"",""coordinates"":[]}"
0_13_4,8.57536376953125E-4,219,14,constant,"{""type"":""MultiPoint"",""coordinates"":[]}"
0_13_5,53.824809996276876,1212,14,constant,"{""type"":""MultiPoint"",""coordinates"":[]}"
0_13_6,155.24824910656753,1213,14,constant,"{""type"":""MultiPoint"",""coordinates"":[]}"
0_13_7,62.668457893188496,1214,14,constant,"{""type"":""MultiPoint"",""coordinates"":[]}"
0_13_8,114.58990432104495,2223,14,constant,"{""type"":""MultiPoint"",""coordinates"":[]}"
0_13_9,228.73873074810734,2224,14,constant,"{""type"":""MultiPoint"",""coordinates"":[]}"
0_13_10,128.60045065136708,2234,14,constant,"{""type"":""MultiPoint"",""coordinates"":[]}"
0_13_11,94.54536636968993,13123,14,constant,"{""type"":""MultiPoint"",""coordinates"":[]}"
0_13_12,126.33149344940175,13124,14,constant,"{""type"":""MultiPoint"",""coordinates"":[]}"
0_13_13,280.13533104589874,13134,14,constant,"{""type"":""MultiPoint"",""coordinates"":[]}"
0_13_14,162.2132186544801,23234,14,constant,"{""type"":""MultiPoint"",""coordinates"":[]}"
0_13_15,1792.6330428842175,141234,14,constant,"{""type"":""MultiPoint"",""coordinates"":[]}"
0_14_0,477.64041024395516,211,15,constant,"{""type"":""MultiPoint"",""coordinates"":[]}"
0_14_1,189.4311215397338,212,15,constant,"{""type"":""MultiPoint"",""coordinates"":[]}"
0_14_2,243.3708397014759,213,15,constant,"{""type"":""MultiPoint"",""coordinates"":[]}"
0_14_3,387.5802374969488,214,15,constant,"{""type"":""MultiPoint"",""coordinates"":[]}"
0_14_4,9.211512173645028,219,15,constant,"{""type"":""MultiPoint"",""coordinates"":[]}"
0_14_5,195.26939460125675,1212,15,constant,"{""type"":""MultiPoint"",""coordinates"":[]}"
0_14_6,216.33203190997284,1213,15,constant,"{""type"":""MultiPoint"",""coordinates"":[]}"
0_14_7,106.79871542907696,1214,15,constant,"{""type"":""MultiPoint"",""coordinates"":[]}"
0_14_8,83.85882795208701,2223,15,constant,"{""type"":""MultiPoint"",""coordinates"":[]}"
0_14_9,76.12859017468259,2224,15,constant,"{""type"":""MultiPoint"",""coordinates"":[]}"
0_14_10,36.48974088482669,2234,15,constant,"{""type"":""MultiPoint"",""coordinates"":[]}"
0_14_11,610.5037291951326,13123,15,constant,"{""type"":""MultiPoint"",""coordinates"":[]}"
0_14_12,176.85383762884538,13124,15,constant,"{""type"":""MultiPoint"",""coordinates"":[]}"
0_14_13,170.16307840954582,13134,15,constant,"{""type"":""MultiPoint"",""coordinates"":[]}"
0_14_14,36.04642538189694,23234,15,constant,"{""type"":""MultiPoint"",""coordinates"":[]}"
0_14_15,1408.154283973641,141234,15,constant,"{""type"":""MultiPoint"",""coordinates"":[]}"
0_15_0,477.84708375756816,211,16,constant,"{""type"":""MultiPoint"",""coordinates"":[]}"
0_15_1,270.404122781555,212,16,constant,"{""type"":""MultiPoint"",""coordinates"":[]}"
0_15_2,605.4983845174592,213,16,constant,"{""type"":""MultiPoint"",""coordinates"":[]}"
0_15_3,497.1605657070917,214,16,constant,"{""type"":""MultiPoint"",""coordinates"":[]}"
0_15_4,1.7405736901245117,219,16,constant,"{""type"":""MultiPoint"",""coordinates"":[]}"
0_15_5,88.03263262603754,1212,16,constant,"{""type"":""MultiPoint"",""coordinates"":[]}"
0_15_6,325.8295536812135,1213,16,constant,"{""type"":""MultiPoint"",""coordinates"":[]}"
0_15_7,165.39752651184133,1214,16,constant,"{""type"":""MultiPoint"",""coordinates"":[]}"
0_15_8,48.26794606878665,2223,16,constant,"{""type"":""MultiPoint"",""coordinates"":[]}"
0_15_9,178.429628948181,2224,16,constant,"{""type"":""MultiPoint"",""coordinates"":[]}"
0_15_10,82.63337012707514,2234,16,constant,"{""type"":""MultiPoint"",""coordinates"":[]}"
0_15_11,214.30031824658255,13123,16,constant,"{""type"":""MultiPoint"",""coordinates"":[]}"
0_15_12,140.11643149902355,13124,16,constant,"{""type"":""MultiPoint"",""coordinates"":[]}"
0_15_13,402.6215980727535,13134,16,constant,"{""type"":""MultiPoint"",""coordinates"":[]}"
0_15_14,58.20786637420654,23234,16,constant,"{""type"":""MultiPoint"",""coordinates"":[]}"
0_15_15,754.0408333588894,141234,16,constant,"{""type"":""MultiPoint"",""coordinates"":[]}"
0_16_0,944.6076325448681,211,17,constant,"{""type"":""MultiPoint"",""coordinates"":[]}"
0_16_1,957.0968173372848,212,17,constant,"{""type"":""MultiPoint"",""coordinates"":[]}"
0_16_2,344.3514509141845,213,17,constant,"{""type"":""MultiPoint"",""coordinates"":[]}"
0_16_3,1089.2143816471007,214,17,constant,"{""type"":""MultiPoint"",""coordinates"":[]}"
0_16_4,0.24671040997314447,219,17,constant,"{""type"":""MultiPoint"",""coordinates"":[]}"
0_16_5,279.86746599395747,1212,17,constant,"{""type"":""MultiPoint"",""coordinates"":[]}"
0_16_6,277.2829505493772,1213,17,constant,"{""type"":""MultiPoint"",""coordinates"":[]}"
0_16_7,258.2605355468139,1214,17,constant,"{""type"":""MultiPoint"",""coordinates"":[]}"
0_16_8,69.65370411102296,2223,17,constant,"{""type"":""MultiPoint"",""coordinates"":[]}"
0_16_9,484.08560925030736,2224,17,constant,"{""type"":""MultiPoint"",""coordinates"":[]}"
0_16_10,130.69735882592786,2234,17,constant,"{""type"":""MultiPoint"",""coordinates"":[]}"
0_16_11,313.38772184713696,13123,17,constant,"{""type"":""MultiPoint"",""coordinates"":[]}"
0_16_12,417.8553689303583,13124,17,constant,"{""type"":""MultiPoint"",""coordinates"":[]}"
0_16_13,339.2391585912474,13134,17,constant,"{""type"":""MultiPoint"",""coordinates"":[]}"
0_16_14,165.2437736260377,23234,17,constant,"{""type"":""MultiPoint"",""coordinates"":[]}"
0_16_15,1992.8505428230683,141234,17,constant,"{""type"":""MultiPoint"",""coordinates"":[]}"
0_17_0,189.2790275703122,211,18,constant,"{""type"":""MultiPoint"",""coordinates"":[]}"
0_17_1,342.97791433551,212,18,constant,"{""type"":""MultiPoint"",""coordinates"":[]}"
0_17_2,381.2673841264642,213,18,constant,"{""type"":""MultiPoint"",""coordinates"":[]}"
0_17_3,463.5106427713014,214,18,constant,"{""type"":""MultiPoint"",""coordinates"":[]}"
0_17_4,0.006731841430664062,219,18,constant,"{""type"":""MultiPoint"",""coordinates"":[]}"
0_17_5,56.933869542236316,1212,18,constant,"{""type"":""MultiPoint"",""coordinates"":[]}"
0_17_6,157.97497603607187,1213,18,constant,"{""type"":""MultiPoint"",""coordinates"":[]}"
0_17_7,41.387075542053175,1214,18,constant,"{""type"":""MultiPoint"",""coordinates"":[]}"
0_17_8,53.90686934790045,2223,18,constant,"{""type"":""MultiPoint"",""coordinates"":[]}"
0_17_9,274.842031352295,2224,18,constant,"{""type"":""MultiPoint"",""coordinates"":[]}"
0_17_10,121.70833564385994,2234,18,constant,"{""type"":""MultiPoint"",""coordinates"":[]}"
0_17_11,124.37633521417207,13123,18,constant,"{""type"":""MultiPoint"",""coordinates"":[]}"
0_17_12,102.57919987860112,13124,18,constant,"{""type"":""MultiPoint"",""coordinates"":[]}"
0_17_13,132.54121944226083,13134,18,constant,"{""type"":""MultiPoint"",""coordinates"":[]}"
0_17_14,149.53763477191168,23234,18,constant,"{""type"":""MultiPoint"",""coordinates"":[]}"
0_17_15,733.3126752640375,141234,18,constant,"{""type"":""MultiPoint"",""coordinates"":[]}"
0_18_0,391.2575981555784,211,19,constant,"{""type"":""MultiPoint"",""coordinates"":[]}"
0_18_1,290.10482278533925,212,19,constant,"{""type"":""MultiPoint"",""coordinates"":[]}"
0_18_2,470.2650851987283,213,19,constant,"{""type"":""MultiPoint"",""coordinates"":[]}"
0_18_3,331.27145364886525,214,19,constant,"{""type"":""MultiPoint"",""coordinates"":[]}"
0_18_4,0.22133186029052734,219,19,constant,"{""type"":""MultiPoint"",""coordinates"":[]}"
0_18_5,107.13561312719726,1212,19,constant,"{""type"":""MultiPoint"",""coordinates"":[]}"
0_18_6,210.34180481976253,1213,19,constant,"{""type"":""MultiPoint"",""coordinates"":[]}"
0_18_7,100.02231533306876,1214,19,constant,"{""type"":""MultiPoint"",""coordinates"":[]}"
0_18_8,63.52106115618894,2223,19,constant,"{""type"":""MultiPoint"",""coordinates"":[]}"
0_18_9,145.65516436627183,2224,19,constant,"{""type"":""MultiPoint"",""coordinates"":[]}"
0_18_10,52.261808844238324,2234,19,constant,"{""type"":""MultiPoint"",""coordinates"":[]}"
0_18_11,184.49268137225386,13123,19,constant,"{""type"":""MultiPoint"",""coordinates"":[]}"
0_18_12,126.08566457714826,13124,19,constant,"{""type"":""MultiPoint"",""coordinates"":[]}"
0_18_13,138.7784192350461,13134,19,constant,"{""type"":""MultiPoint"",""coordinates"":[]}"
0_18_14,71.353570699707,23234,19,constant,"{""type"":""MultiPoint"",""coordinates"":[]}"
0_18_15,564.6501852940086,141234,19,constant,"{""type"":""MultiPoint"",""coordinates"":[]}"
0_19_0,124.51570045190503,211,20,constant,"{""type"":""MultiPoint"",""coordinates"":[]}"
0_19_1,144.91892701562622,212,20,constant,"{""type"":""MultiPoint"",""coordinates"":[]}"
0_19_2,255.56055704644763,213,20,constant,"{""type"":""MultiPoint"",""coordinates"":[]}"
0_19_3,120.2333757142334,214,20,constant,"{""type"":""MultiPoint"",""coordinates"":[]}"
0_19_4,0.0016969533081054688,219,20,constant,"{""type"":""MultiPoint"",""coordinates"":[]}"
0_19_5,45.36240208715821,1212,20,constant,"{""type"":""MultiPoint"",""coordinates"":[]}"
0_19_6,82.05650711578367,1213,20,constant,"{""type"":""MultiPoint"",""coordinates"":[]}"
0_19_7,21.181542568725593,1214,20,constant,"{""type"":""MultiPoint"",""coordinates"":[]}"
0_19_8,37.282577385132065,2223,20,constant,"{""type"":""MultiPoint"",""coordinates"":[]}"
0_19_9,83.1904838450931,2224,20,constant,"{""type"":""MultiPoint"",""coordinates"":[]}"
0_19_10,47.83720822540277,2234,20,constant,"{""type"":""MultiPoint"",""coordinates"":[]}"
0_19_11,78.3194458540653,13123,20,constant,"{""type"":""MultiPoint"",""coordinates"":[]}"
0_19_12,62.28738789367673,13124,20,constant,"{""type"":""MultiPoint"",""coordinates"":[]}"
0_19_13,52.94632901757804,13134,20,constant,"{""type"":""MultiPoint"",""coordinates"":[]}"
0_19_14,58.70131314288311,23234,20,constant,"{""type"":""MultiPoint"",""coordinates"":[]}"
0_19_15,358.78801509619393,141234,20,constant,"{""type"":""MultiPoint"",""coordinates"":[]}"
0_20_0,413.88022903094463,211,21,constant,"{""type"":""MultiPoint"",""coordinates"":[]}"
0_20_1,358.02132896630906,212,21,constant,"{""type"":""MultiPoint"",""coordinates"":[]}"
0_20_2,426.0403420383916,213,21,constant,"{""type"":""MultiPoint"",""coordinates"":[]}"
0_20_3,336.77270285620136,214,21,constant,"{""type"":""MultiPoint"",""coordinates"":[]}"
0_20_4,0.1777460816040039,219,21,constant,"{""type"":""MultiPoint"",""coordinates"":[]}"
0_20_5,65.79502482153318,1212,21,constant,"{""type"":""MultiPoint"",""coordinates"":[]}"
0_20_6,275.2297224393311,1213,21,constant,"{""type"":""MultiPoint"",""coordinates"":[]}"
0_20_7,97.19932945538335,1214,21,constant,"{""type"":""MultiPoint"",""coordinates"":[]}"
0_20_8,44.05367514184568,2223,21,constant,"{""type"":""MultiPoint"",""coordinates"":[]}"
0_20_9,276.1445765485838,2224,21,constant,"{""type"":""MultiPoint"",""coordinates"":[]}"
0_20_10,88.15658825775142,2234,21,constant,"{""type"":""MultiPoint"",""coordinates"":[]}"
0_20_11,91.91557682275383,13123,21,constant,"{""type"":""MultiPoint"",""coordinates"":[]}"
0_20_12,175.85978554040537,13124,21,constant,"{""type"":""MultiPoint"",""coordinates"":[]}"
0_20_13,282.7465369429936,13134,21,constant,"{""type"":""MultiPoint"",""coordinates"":[]}"
0_20_14,135.66490145684816,23234,21,constant,"{""type"":""MultiPoint"",""coordinates"":[]}"
0_20_15,1779.050466698597,141234,21,constant,"{""type"":""MultiPoint"",""coordinates"":[]}"
0_21_0,384.3657079462309,211,22,constant,"{""type"":""MultiPoint"",""coordinates"":[]}"
0_21_1,455.83103847211106,212,22,constant,"{""type"":""MultiPoint"",""coordinates"":[]}"
0_21_2,291.3960414846219,213,22,constant,"{""type"":""MultiPoint"",""coordinates"":[]}"
0_21_3,229.1560139709489,214,22,constant,"{""type"":""MultiPoint"",""coordinates"":[]}"
0_21_4,69.52973645373534,1212,22,constant,"{""type"":""MultiPoint"",""coordinates"":[]}"
0_21_5,246.47760639557015,1213,22,constant,"{""type"":""MultiPoint"",""coordinates"":[]}"
0_21_6,95.75490964404358,1214,22,constant,"{""type"":""MultiPoint"",""coordinates"":[]}"
0_21_7,38.066403523498515,2223,22,constant,"{""type"":""MultiPoint"",""coordinates"":[]}"
0_21_8,245.7557122731938,2224,22,constant,"{""type"":""MultiPoint"",""coordinates"":[]}"
0_21_9,49.72563279254149,2234,22,constant,"{""type"":""MultiPoint"",""coordinates"":[]}"
0_21_10,77.8060669817504,13123,22,constant,"{""type"":""MultiPoint"",""coordinates"":[]}"
0_21_11,148.09442264733917,13124,22,constant,"{""type"":""MultiPoint"",""coordinates"":[]}"
0_21_12,203.16531255493362,13134,22,constant,"{""type"":""MultiPoint"",""coordinates"":[]}"
0_21_13,84.81011782495113,23234,22,constant,"{""type"":""MultiPoint"",""coordinates"":[]}"
0_21_14,1156.334448037834,141234,22,constant,"{""type"":""MultiPoint"",""coordinates"":[]}"
0_22_0,352.76531729034764,211,23,constant,"{""type"":""MultiPoint"",""coordinates"":[]}"
0_22_1,269.49780868145785,212,23,constant,"{""type"":""MultiPoint"",""coordinates"":[]}"
0_22_2,258.05297644885275,213,23,constant,"{""type"":""MultiPoint"",""coordinates"":[]}"
0_22_3,243.29666550146595,214,23,constant,"{""type"":""MultiPoint"",""coordinates"":[]}"
0_22_4,0.03822433532714843,219,23,constant,"{""type"":""MultiPoint"",""coordinates"":[]}"
0_22_5,84.88296795874025,1212,23,constant,"{""type"":""MultiPoint"",""coordinates"":[]}"
0_22_6,151.15609851123023,1213,23,constant,"{""type"":""MultiPoint"",""coordinates"":[]}"
0_22_7,60.37364043493643,1214,23,constant,"{""type"":""MultiPoint"",""coordinates"":[]}"
0_22_8,44.521060703674216,2223,23,constant,"{""type"":""MultiPoint"",""coordinates"":[]}"
0_22_9,140.24600210357718,2224,23,constant,"{""type"":""MultiPoint"",""coordinates"":[]}"
0_22_10,80.03107879583754,2234,23,constant,"{""type"":""MultiPoint"",""coordinates"":[]}"
0_22_11,106.94171901629578,13123,23,constant,"{""type"":""MultiPoint"",""coordinates"":[]}"
0_22_12,116.56366935101329,13124,23,constant,"{""type"":""MultiPoint"",""coordinates"":[]}"
0_22_13,143.19596941619884,13134,23,constant,"{""type"":""MultiPoint"",""coordinates"":[]}"
0_22_14,99.93180226116932,23234,23,constant,"{""type"":""MultiPoint"",""coordinates"":[]}"
0_22_15,809.629544916865,141234,23,constant,"{""type"":""MultiPoint"",""coordinates"":[]}"
0_23_0,37.65358238043203,211,24,constant,"{""type"":""MultiPoint"",""coordinates"":[]}"
0_23_1,32.81911635888669,212,24,constant,"{""type"":""MultiPoint"",""coordinates"":[]}"
0_23_2,37.56909550189202,213,24,constant,"{""type"":""MultiPoint"",""coordinates"":[]}"
0_23_3,36.23989224035642,214,24,constant,"{""type"":""MultiPoint"",""coordinates"":[]}"
0_23_4,9.656977526367172,1212,24,constant,"{""type"":""MultiPoint"",""coordinates"":[]}"
0_23_5,33.947416811096204,1213,24,constant,"{""type"":""MultiPoint"",""coordinates"":[]}"
0_23_6,27.38018040325929,1214,24,constant,"{""type"":""MultiPoint"",""coordinates"":[]}"
0_23_7,3.679779302490235,2223,24,constant,"{""type"":""MultiPoint"",""coordinates"":[]}"
0_23_8,18.880158067626954,2224,24,constant,"{""type"":""MultiPoint"",""coordinates"":[]}"
0_23_9,7.7017740426025405,2234,24,constant,"{""type"":""MultiPoint"",""coordinates"":[]}"
0_23_10,28.332131705871568,13123,24,constant,"{""type"":""MultiPoint"",""coordinates"":[]}"
0_23_11,70.47034204772945,13124,24,constant,"{""type"":""MultiPoint"",""coordinates"":[]}"
0_23_12,296.5477988785401,13134,24,constant,"{""type"":""MultiPoint"",""coordinates"":[]}"
0_23_13,6.9126889946289065,23234,24,constant,"{""type"":""MultiPoint"",""coordinates"":[]}"
0_23_14,2545.750884297673,141234,24,constant,"{""type"":""MultiPoint"",""coordinates"":[]}"
0_24_0,471.28873316742,211,25,constant,"{""type"":""MultiPoint"",""coordinates"":[]}"
0_24_1,973.3301497327266,212,25,constant,"{""type"":""MultiPoint"",""coordinates"":[]}"
0_24_2,1030.9206779382307,213,25,constant,"{""type"":""MultiPoint"",""coordinates"":[]}"
0_24_3,386.47411918725584,214,25,constant,"{""type"":""MultiPoint"",""coordinates"":[]}"
0_24_4,40.076601146667564,219,25,constant,"{""type"":""MultiPoint"",""coordinates"":[]}"
0_24_5,98.57764787188724,1212,25,constant,"{""type"":""MultiPoint"",""coordinates"":[]}"
0_24_6,1376.7492897796153,1213,25,constant,"{""type"":""MultiPoint"",""coordinates"":[]}"
0_24_7,200.02499243975834,1214,25,constant,"{""type"":""MultiPoint"",""coordinates"":[]}"
0_24_8,90.64726091278075,2223,25,constant,"{""type"":""MultiPoint"",""coordinates"":[]}"
0_24_9,398.1292685933224,2224,25,constant,"{""type"":""MultiPoint"",""coordinates"":[]}"
0_24_10,114.80859049578858,2234,25,constant,"{""type"":""MultiPoint"",""coordinates"":[]}"
0_24_11,223.251667326966,13123,25,constant,"{""type"":""MultiPoint"",""coordinates"":[]}"
0_24_12,481.4034887767329,13124,25,constant,"{""type"":""MultiPoint"",""coordinates"":[]}"
0_24_13,2538.475318943782,13134,25,constant,"{""type"":""MultiPoint"",""coordinates"":[]}"
0_24_14,157.68813528027349,23234,25,constant,"{""type"":""MultiPoint"",""coordinates"":[]}"
0_24_15,9532.99552438889,141234,25,constant,"{""type"":""MultiPoint"",""coordinates"":[]}"
0_25_0,33.86648406707764,211,26,constant,"{""type"":""MultiPoint"",""coordinates"":[]}"
0_25_1,127.54586870385732,212,26,constant,"{""type"":""MultiPoint"",""coordinates"":[]}"
0_25_2,180.52829400067202,213,26,constant,"{""type"":""MultiPoint"",""coordinates"":[]}"
0_25_3,47.760384678955056,214,26,constant,"{""type"":""MultiPoint"",""coordinates"":[]}"
0_25_4,0.9390558059082033,219,26,constant,"{""type"":""MultiPoint"",""coordinates"":[]}"
0_25_5,17.83579546472169,1212,26,constant,"{""type"":""MultiPoint"",""coordinates"":[]}"
0_25_6,112.47432092248597,1213,26,constant,"{""type"":""MultiPoint"",""coordinates"":[]}"
0_25_7,37.55337343975831,1214,26,constant,"{""type"":""MultiPoint"",""coordinates"":[]}"
0_25_8,25.73212800604248,2223,26,constant,"{""type"":""MultiPoint"",""coordinates"":[]}"
0_25_9,52.50950305645755,2224,26,constant,"{""type"":""MultiPoint"",""coordinates"":[]}"
0_25_10,29.505073562866222,2234,26,constant,"{""type"":""MultiPoint"",""coordinates"":[]}"
0_25_11,179.6870445104385,13123,26,constant,"{""type"":""MultiPoint"",""coordinates"":[]}"
0_25_12,149.61087344103993,13124,26,constant,"{""type"":""MultiPoint"",""coordinates"":[]}"
0_25_13,654.6520467066064,13134,26,constant,"{""type"":""MultiPoint"",""coordinates"":[]}"
0_25_14,35.27418959686279,23234,26,constant,"{""type"":""MultiPoint"",""coordinates"":[]}"
0_25_15,5290.696568937809,141234,26,constant,"{""type"":""MultiPoint"",""coordinates"":[]}"
0_26_0,45.23544292437742,211,27,constant,"{""type"":""MultiPoint"",""coordinates"":[]}"
0_26_1,184.1734795022581,212,27,constant,"{""type"":""MultiPoint"",""coordinates"":[]}"
0_26_2,117.68395295672597,213,27,constant,"{""type"":""MultiPoint"",""coordinates"":[]}"
0_26_3,86.02642617211923,214,27,constant,"{""type"":""MultiPoint"",""coordinates"":[]}"
0_26_4,0.9083535004272462,219,27,constant,"{""type"":""MultiPoint"",""coordinates"":[]}"
0_26_5,26.0951781519775,1212,27,constant,"{""type"":""MultiPoint"",""coordinates"":[]}"
0_26_6,32.336729640380874,1213,27,constant,"{""type"":""MultiPoint"",""coordinates"":[]}"
0_26_7,21.504821347167955,1214,27,constant,"{""type"":""MultiPoint"",""coordinates"":[]}"
0_26_8,17.277528322326663,2223,27,constant,"{""type"":""MultiPoint"",""coordinates"":[]}"
0_26_9,85.56611329577643,2224,27,constant,"{""type"":""MultiPoint"",""coordinates"":[]}"
0_26_10,12.162877736816407,2234,27,constant,"{""type"":""MultiPoint"",""coordinates"":[]}"
0_26_11,146.90311854621393,13123,27,constant,"{""type"":""MultiPoint"",""coordinates"":[]}"
0_26_12,132.98287364758227,13124,27,constant,"{""type"":""MultiPoint"",""coordinates"":[]}"
0_26_13,90.16435678479006,13134,27,constant,"{""type"":""MultiPoint"",""coordinates"":[]}"
0_26_14,27.24129773413088,23234,27,constant,"{""type"":""MultiPoint"",""coordinates"":[]}"
0_26_15,1989.2271476479623,141234,27,constant,"{""type"":""MultiPoint"",""coordinates"":[]}"
0_27_0,223.55036685449306,211,28,constant,"{""type"":""MultiPoint"",""coordinates"":[]}"
0_27_1,144.8177990890506,212,28,constant,"{""type"":""MultiPoint"",""coordinates"":[]}"
0_27_2,140.27404958044477,213,28,constant,"{""type"":""MultiPoint"",""coordinates"":[]}"
0_27_3,250.37551082073958,214,28,constant,"{""type"":""MultiPoint"",""coordinates"":[]}"
0_27_4,27.328571391174318,219,28,constant,"{""type"":""MultiPoint"",""coordinates"":[]}"
0_27_5,33.22097068304446,1212,28,constant,"{""type"":""MultiPoint"",""coordinates"":[]}"
0_27_6,727.4151495702995,1213,28,constant,"{""type"":""MultiPoint"",""coordinates"":[]}"
0_27_7,292.46915657299866,1214,28,constant,"{""type"":""MultiPoint"",""coordinates"":[]}"
0_27_8,11.443485579772945,2223,28,constant,"{""type"":""MultiPoint"",""coordinates"":[]}"
0_27_9,115.35328566943383,2224,28,constant,"{""type"":""MultiPoint"",""coordinates"":[]}"
0_27_10,27.256237936096188,2234,28,constant,"{""type"":""MultiPoint"",""coordinates"":[]}"
0_27_11,144.771526808778,13123,28,constant,"{""type"":""MultiPoint"",""coordinates"":[]}"
0_27_12,333.3877958692009,13124,28,constant,"{""type"":""MultiPoint"",""coordinates"":[]}"
0_27_13,1071.111883044068,13134,28,constant,"{""type"":""MultiPoint"",""coordinates"":[]}"
0_27_14,24.966291306213375,23234,28,constant,"{""type"":""MultiPoint"",""coordinates"":[]}"
0_27_15,3096.901848409705,141234,28,constant,"{""type"":""MultiPoint"",""coordinates"":[]}"
0_28_0,280.88298457616935,211,29,constant,"{""type"":""MultiPoint"",""coordinates"":[]}"
0_28_1,224.19303213342292,212,29,constant,"{""type"":""MultiPoint"",""coordinates"":[]}"
0_28_2,203.01011625195335,213,29,constant,"{""type"":""MultiPoint"",""coordinates"":[]}"
0_28_3,110.25232502972415,214,29,constant,"{""type"":""MultiPoint"",""coordinates"":[]}"
0_28_4,768.4548520375831,219,29,constant,"{""type"":""MultiPoint"",""coordinates"":[]}"
0_28_5,125.35440221130288,1212,29,constant,"{""type"":""MultiPoint"",""coordinates"":[]}"
0_28_6,609.770788291097,1213,29,constant,"{""type"":""MultiPoint"",""coordinates"":[]}"
0_28_7,178.0117121057742,1214,29,constant,"{""type"":""MultiPoint"",""coordinates"":[]}"
0_28_8,22.797155930908207,2223,29,constant,"{""type"":""MultiPoint"",""coordinates"":[]}"
0_28_9,125.09606053533948,2224,29,constant,"{""type"":""MultiPoint"",""coordinates"":[]}"
0_28_10,17.268922832458493,2234,29,constant,"{""type"":""MultiPoint"",""coordinates"":[]}"
0_28_11,1435.4862859001591,13123,29,constant,"{""type"":""MultiPoint"",""coordinates"":[]}"
0_28_12,567.8485752370553,13124,29,constant,"{""type"":""MultiPoint"",""coordinates"":[]}"
0_28_13,1702.4707086264514,13134,29,constant,"{""type"":""MultiPoint"",""coordinates"":[]}"
0_28_14,34.67541695086671,23234,29,constant,"{""type"":""MultiPoint"",""coordinates"":[]}"
0_28_15,16232.19666316563,141234,29,constant,"{""type"":""MultiPoint"",""coordinates"":[]}"
0_29_0,41.45878915435789,211,30,constant,"{""type"":""MultiPoint"",""coordinates"":[]}"
0_29_1,281.6504677653213,212,30,constant,"{""type"":""MultiPoint"",""coordinates"":[]}"
0_29_2,205.71864987457306,213,30,constant,"{""type"":""MultiPoint"",""coordinates"":[]}"
0_29_3,99.74181897106925,214,30,constant,"{""type"":""MultiPoint"",""coordinates"":[]}"
0_29_4,8.346917700195318,1212,30,constant,"{""type"":""MultiPoint"",""coordinates"":[]}"
0_29_5,80.58252308782957,1213,30,constant,"{""type"":""MultiPoint"",""coordinates"":[]}"
0_29_6,15.975495361145017,1214,30,constant,"{""type"":""MultiPoint"",""coordinates"":[]}"
0_29_7,24.244804022583015,2223,30,constant,"{""type"":""MultiPoint"",""coordinates"":[]}"
0_29_8,144.24547640765374,2224,30,constant,"{""type"":""MultiPoint"",""coordinates"":[]}"
0_29_9,24.00834517193604,2234,30,constant,"{""type"":""MultiPoint"",""coordinates"":[]}"
0_29_10,24.699116550354013,13123,30,constant,"{""type"":""MultiPoint"",""coordinates"":[]}"
0_29_11,50.207245356628626,13124,30,constant,"{""type"":""MultiPoint"",""coordinates"":[]}"
0_29_12,133.94389933520506,13134,30,constant,"{""type"":""MultiPoint"",""coordinates"":[]}"
0_29_13,54.402739467895515,23234,30,constant,"{""type"":""MultiPoint"",""coordinates"":[]}"
0_29_14,1483.0316662276573,141234,30,constant,"{""type"":""MultiPoint"",""coordinates"":[]}"
0_30_0,222.8685164196177,211,31,constant,"{""type"":""MultiPoint"",""coordinates"":[]}"
0_30_1,259.44585026336614,212,31,constant,"{""type"":""MultiPoint"",""coordinates"":[]}"
0_30_2,160.7055203569345,213,31,constant,"{""type"":""MultiPoint"",""coordinates"":[]}"
0_30_3,196.0647806649782,214,31,constant,"{""type"":""MultiPoint"",""coordinates"":[]}"
0_30_4,0.13771807397460936,219,31,constant,"{""type"":""MultiPoint"",""coordinates"":[]}"
0_30_5,49.97954627337662,1212,31,constant,"{""type"":""MultiPoint"",""coordinates"":[]}"
0_30_6,90.83119593084797,1213,31,constant,"{""type"":""MultiPoint"",""coordinates"":[]}"
0_30_7,116.47048084704576,1214,31,constant,"{""type"":""MultiPoint"",""coordinates"":[]}"
0_30_8,22.15671329931642,2223,31,constant,"{""type"":""MultiPoint"",""coordinates"":[]}"
0_30_9,200.4246413124394,2224,31,constant,"{""type"":""MultiPoint"",""coordinates"":[]}"
0_30_10,19.038522575134277,2234,31,constant,"{""type"":""MultiPoint"",""coordinates"":[]}"
0_30_11,49.7556269143675,13123,31,constant,"{""type"":""MultiPoint"",""coordinates"":[]}"
0_30_12,615.7443277483432,13124,31,constant,"{""type"":""MultiPoint"",""coordinates"":[]}"
0_30_13,144.5293162378541,13134,31,constant,"{""type"":""MultiPoint"",""coordinates"":[]}"
0_30_14,40.523443103271475,23234,31,constant,"{""type"":""MultiPoint"",""coordinates"":[]}"
0_30_15,1485.0808520864778,141234,31,constant,"{""type"":""MultiPoint"",""coordinates"":[]}"
0_31_0,114.5740056141359,211,32,constant,"{""type"":""MultiPoint"",""coordinates"":[]}"
0_31_1,224.36409397876022,212,32,constant,"{""type"":""MultiPoint"",""coordinates"":[]}"
0_31_2,139.0579045990604,213,32,constant,"{""type"":""MultiPoint"",""coordinates"":[]}"
0_31_3,208.69914725586017,214,32,constant,"{""type"":""MultiPoint"",""coordinates"":[]}"
0_31_4,24.491193521057163,1212,32,constant,"{""type"":""MultiPoint"",""coordinates"":[]}"
0_31_5,139.82379884851125,1213,32,constant,"{""type"":""MultiPoint"",""coordinates"":[]}"
0_31_6,57.89914786834731,1214,32,constant,"{""type"":""MultiPoint"",""coordinates"":[]}"
0_31_7,21.805915844177257,2223,32,constant,"{""type"":""MultiPoint"",""coordinates"":[]}"
0_31_8,218.57480123693992,2224,32,constant,"{""type"":""MultiPoint"",""coordinates"":[]}"
0_31_9,42.78781633227534,2234,32,constant,"{""type"":""MultiPoint"",""coordinates"":[]}"
0_31_10,62.07675414221183,13123,32,constant,"{""type"":""MultiPoint"",""coordinates"":[]}"
0_31_11,145.78048671679764,13124,32,constant,"{""type"":""MultiPoint"",""coordinates"":[]}"
0_31_12,223.80877668035868,13134,32,constant,"{""type"":""MultiPoint"",""coordinates"":[]}"
0_31_13,82.10630485388187,23234,32,constant,"{""type"":""MultiPoint"",""coordinates"":[]}"
0_31_14,2073.694777532669,141234,32,constant,"{""type"":""MultiPoint"",""coordinates"":[]}"
0_32_0,239.1016312399933,211,33,constant,"{""type"":""MultiPoint"",""coordinates"":[]}"
0_32_1,240.97625987219317,212,33,constant,"{""type"":""MultiPoint"",""coordinates"":[]}"
0_32_2,204.7660931480712,213,33,constant,"{""type"":""MultiPoint"",""coordinates"":[]}"
0_32_3,231.66192880139135,214,33,constant,"{""type"":""MultiPoint"",""coordinates"":[]}"
0_32_4,0.3991935911865234,219,33,constant,"{""type"":""MultiPoint"",""coordinates"":[]}"
0_32_5,79.72035112738016,1212,33,constant,"{""type"":""MultiPoint"",""coordinates"":[]}"
0_32_6,112.54915989587398,1213,33,constant,"{""type"":""MultiPoint"",""coordinates"":[]}"
0_32_7,94.4992730346679,1214,33,constant,"{""type"":""MultiPoint"",""coordinates"":[]}"
0_32_8,28.427938601562484,2223,33,constant,"{""type"":""MultiPoint"",""coordinates"":[]}"
0_32_9,213.53887548730486,2224,33,constant,"{""type"":""MultiPoint"",""coordinates"":[]}"
0_32_10,36.25602219866942,2234,33,constant,"{""type"":""MultiPoint"",""coordinates"":[]}"
0_32_11,90.60378240606673,13123,33,constant,"{""type"":""MultiPoint"",""coordinates"":[]}"
0_32_12,387.8002697991941,13124,33,constant,"{""type"":""MultiPoint"",""coordinates"":[]}"
0_32_13,131.07360577929708,13134,33,constant,"{""type"":""MultiPoint"",""coordinates"":[]}"
0_32_14,71.18455069421378,23234,33,constant,"{""type"":""MultiPoint"",""coordinates"":[]}"
0_32_15,1372.6621084717372,141234,33,constant,"{""type"":""MultiPoint"",""coordinates"":[]}"
0_33_0,511.35921997589134,211,34,constant,"{""type"":""MultiPoint"",""coordinates"":[]}"
0_33_1,895.6486560593236,212,34,constant,"{""type"":""MultiPoint"",""coordinates"":[]}"
0_33_2,1168.580204938699,213,34,constant,"{""type"":""MultiPoint"",""coordinates"":[]}"
0_33_3,639.7001156483783,214,34,constant,"{""type"":""MultiPoint"",""coordinates"":[]}"
0_33_4,0.07114996148681642,219,34,constant,"{""type"":""MultiPoint"",""coordinates"":[]}"
0_33_5,198.24266830468773,1212,34,constant,"{""type"":""MultiPoint"",""coordinates"":[]}"
0_33_6,547.3805701726083,1213,34,constant,"{""type"":""MultiPoint"",""coordinates"":[]}"
0_33_7,136.43506021295156,1214,34,constant,"{""type"":""MultiPoint"",""coordinates"":[]}"
0_33_8,117.01891725994996,2223,34,constant,"{""type"":""MultiPoint"",""coordinates"":[]}"
0_33_9,629.1853254100351,2224,34,constant,"{""type"":""MultiPoint"",""coordinates"":[]}"
0_33_10,160.3328747266848,2234,34,constant,"{""type"":""MultiPoint"",""coordinates"":[]}"
0_33_11,455.0542772347395,13123,34,constant,"{""type"":""MultiPoint"",""coordinates"":[]}"
0_33_12,397.62400668835585,13124,34,constant,"{""type"":""MultiPoint"",""coordinates"":[]}"
0_33_13,527.8533787418825,13134,34,constant,"{""type"":""MultiPoint"",""coordinates"":[]}"
0_33_14,232.5351654896238,23234,34,constant,"{""type"":""MultiPoint"",""coordinates"":[]}"
0_33_15,3544.396885700628,141234,34,constant,"{""type"":""MultiPoint"",""coordinates"":[]}"
0_34_0,237.76882614892628,211,35,constant,"{""type"":""MultiPoint"",""coordinates"":[]}"
0_34_1,341.1511207631853,212,35,constant,"{""type"":""MultiPoint"",""coordinates"":[]}"
0_34_2,1376.8486465534927,213,35,constant,"{""type"":""MultiPoint"",""coordinates"":[]}"
0_34_3,259.23662581530726,214,35,constant,"{""type"":""MultiPoint"",""coordinates"":[]}"
0_34_4,0.025098096557617185,219,35,constant,"{""type"":""MultiPoint"",""coordinates"":[]}"
0_34_5,66.3657040035399,1212,35,constant,"{""type"":""MultiPoint"",""coordinates"":[]}"
0_34_6,185.8615448242186,1213,35,constant,"{""type"":""MultiPoint"",""coordinates"":[]}"
0_34_7,68.06364443652346,1214,35,constant,"{""type"":""MultiPoint"",""coordinates"":[]}"
0_34_8,61.10116279327405,2223,35,constant,"{""type"":""MultiPoint"",""coordinates"":[]}"
0_34_9,238.22175742108146,2224,35,constant,"{""type"":""MultiPoint"",""coordinates"":[]}"
0_34_10,73.23852057299806,2234,35,constant,"{""type"":""MultiPoint"",""coordinates"":[]}"
0_34_11,165.50920342980973,13123,35,constant,"{""type"":""MultiPoint"",""coordinates"":[]}"
0_34_12,355.6526962110612,13124,35,constant,"{""type"":""MultiPoint"",""coordinates"":[]}"
0_34_13,207.33633506378098,13134,35,constant,"{""type"":""MultiPoint"",""coordinates"":[]}"
0_34_14,115.24781391113264,23234,35,constant,"{""type"":""MultiPoint"",""coordinates"":[]}"
0_34_15,1949.6581538781986,141234,35,constant,"{""type"":""MultiPoint"",""coordinates"":[]}"
0_35_0,302.27160107006796,211,36,constant,"{""type"":""MultiPoint"",""coordinates"":[]}"
0_35_1,416.3631391316529,212,36,constant,"{""type"":""MultiPoint"",""coordinates"":[]}"
0_35_2,745.868581992297,213,36,constant,"{""type"":""MultiPoint"",""coordinates"":[]}"
0_35_3,225.9964275053716,214,36,constant,"{""type"":""MultiPoint"",""coordinates"":[]}"
0_35_4,0.012497242248535155,219,36,constant,"{""type"":""MultiPoint"",""coordinates"":[]}"
0_35_5,99.70114544329815,1212,36,constant,"{""type"":""MultiPoint"",""coordinates"":[]}"
0_35_6,171.9641344013681,1213,36,constant,"{""type"":""MultiPoint"",""coordinates"":[]}"
0_35_7,71.09017406384281,1214,36,constant,"{""type"":""MultiPoint"",""coordinates"":[]}"
0_35_8,57.81207380474847,2223,36,constant,"{""type"":""MultiPoint"",""coordinates"":[]}"
0_35_9,221.677863133606,2224,36,constant,"{""type"":""MultiPoint"",""coordinates"":[]}"
0_35_10,67.20432784857178,2234,36,constant,"{""type"":""MultiPoint"",""coordinates"":[]}"
0_35_11,125.27722274218743,13123,36,constant,"{""type"":""MultiPoint"",""coordinates"":[]}"
0_35_12,355.28064051483136,13124,36,constant,"{""type"":""MultiPoint"",""coordinates"":[]}"
0_35_13,198.9143022397479,13134,36,constant,"{""type"":""MultiPoint"",""coordinates"":[]}"
0_35_14,95.80206333776863,23234,36,constant,"{""type"":""MultiPoint"",""coordinates"":[]}"
0_35_15,1865.5464308918404,141234,36,constant,"{""type"":""MultiPoint"",""coordinates"":[]}"
0_36_0,111.13363146490458,211,37,constant,"{""type"":""MultiPoint"",""coordinates"":[]}"
0_36_1,82.31450451733396,212,37,constant,"{""type"":""MultiPoint"",""coordinates"":[]}"
0_36_2,8856.793653282357,213,37,constant,"{""type"":""MultiPoint"",""coordinates"":[]}"
0_36_3,111.13895755609137,214,37,constant,"{""type"":""MultiPoint"",""coordinates"":[]}"
0_36_4,6.417447953063966,219,37,constant,"{""type"":""MultiPoint"",""coordinates"":[]}"
0_36_5,29.312162214416475,1212,37,constant,"{""type"":""MultiPoint"",""coordinates"":[]}"
0_36_6,390.6714206298838,1213,37,constant,"{""type"":""MultiPoint"",""coordinates"":[]}"
0_36_7,43.45270305847162,1214,37,constant,"{""type"":""MultiPoint"",""coordinates"":[]}"
0_36_8,312.8850374827278,2223,37,constant,"{""type"":""MultiPoint"",""coordinates"":[]}"
0_36_9,62.193536748229945,2224,37,constant,"{""type"":""MultiPoint"",""coordinates"":[]}"
0_36_10,14.670249615661621,2234,37,constant,"{""type"":""MultiPoint"",""coordinates"":[]}"
0_36_11,663.6675190203895,13123,37,constant,"{""type"":""MultiPoint"",""coordinates"":[]}"
0_36_12,79.02227871997079,13124,37,constant,"{""type"":""MultiPoint"",""coordinates"":[]}"
0_36_13,137.73084542150534,13134,37,constant,"{""type"":""MultiPoint"",""coordinates"":[]}"
0_36_14,18.50065596118165,23234,37,constant,"{""type"":""MultiPoint"",""coordinates"":[]}"
0_36_15,521.7512740157464,141234,37,constant,"{""type"":""MultiPoint"",""coordinates"":[]}"
0_37_0,286.2271688718885,211,38,constant,"{""type"":""MultiPoint"",""coordinates"":[]}"
0_37_1,458.88949376092336,212,38,constant,"{""type"":""MultiPoint"",""coordinates"":[]}"
0_37_2,290.9633892173462,213,38,constant,"{""type"":""MultiPoint"",""coordinates"":[]}"
0_37_3,628.2731858809209,214,38,constant,"{""type"":""MultiPoint"",""coordinates"":[]}"
0_37_4,8.301152927612316,219,38,constant,"{""type"":""MultiPoint"",""coordinates"":[]}"
0_37_5,131.26513575860574,1212,38,constant,"{""type"":""MultiPoint"",""coordinates"":[]}"
0_37_6,229.14624661822484,1213,38,constant,"{""type"":""MultiPoint"",""coordinates"":[]}"
0_37_7,186.00155503893,1214,38,constant,"{""type"":""MultiPoint"",""coordinates"":[]}"
0_37_8,49.01808444171143,2223,38,constant,"{""type"":""MultiPoint"",""coordinates"":[]}"
0_37_9,388.2865149631951,2224,38,constant,"{""type"":""MultiPoint"",""coordinates"":[]}"
0_37_10,84.01678223797599,2234,38,constant,"{""type"":""MultiPoint"",""coordinates"":[]}"
0_37_11,411.1663705081777,13123,38,constant,"{""type"":""MultiPoint"",""coordinates"":[]}"
0_37_12,449.38433050170573,13124,38,constant,"{""type"":""MultiPoint"",""coordinates"":[]}"
0_37_13,524.2822843163559,13134,38,constant,"{""type"":""MultiPoint"",""coordinates"":[]}"
0_37_14,134.7409849409179,23234,38,constant,"{""type"":""MultiPoint"",""coordinates"":[]}"
0_37_15,5661.706568290302,141234,38,constant,"{""type"":""MultiPoint"",""coordinates"":[]}"
