system:index,area,class_id,territory,year,.geo
0_0_0,2164.0980688355326,211,1,constant,"{""type"":""MultiPoint"",""coordinates"":[]}"
0_0_1,2258.564410511883,213,1,constant,"{""type"":""MultiPoint"",""coordinates"":[]}"
0_0_2,165.12324363977044,214,1,constant,"{""type"":""MultiPoint"",""coordinates"":[]}"
0_0_3,1453.8400220491783,219,1,constant,"{""type"":""MultiPoint"",""coordinates"":[]}"
0_0_4,13342.283196395843,1213,1,constant,"{""type"":""MultiPoint"",""coordinates"":[]}"
0_0_5,584.693868677797,1214,1,constant,"{""type"":""MultiPoint"",""coordinates"":[]}"
0_0_6,118.77264753625491,2234,1,constant,"{""type"":""MultiPoint"",""coordinates"":[]}"
0_0_7,4261.237547214421,13134,1,constant,"{""type"":""MultiPoint"",""coordinates"":[]}"
0_1_0,2635.9297323744754,211,2,constant,"{""type"":""MultiPoint"",""coordinates"":[]}"
0_1_1,1247.6532913380602,213,2,constant,"{""type"":""MultiPoint"",""coordinates"":[]}"
0_1_2,578.6883472758243,214,2,constant,"{""type"":""MultiPoint"",""coordinates"":[]}"
0_1_3,2509.105675799698,219,2,constant,"{""type"":""MultiPoint"",""coordinates"":[]}"
0_1_4,18999.81915911937,1213,2,constant,"{""type"":""MultiPoint"",""coordinates"":[]}"
0_1_5,1043.6989877080578,1214,2,constant,"{""type"":""MultiPoint"",""coordinates"":[]}"
0_1_6,248.44720231109937,2234,2,constant,"{""type"":""MultiPoint"",""coordinates"":[]}"
0_1_7,2994.3799539525585,13134,2,constant,"{""type"":""MultiPoint"",""coordinates"":[]}"
0_2_0,1538.7826874009877,211,3,constant,"{""type"":""MultiPoint"",""coordinates"":[]}"
0_2_1,381.089879775573,213,3,constant,"{""type"":""MultiPoint"",""coordinates"":[]}"
0_2_2,734.9689344198684,214,3,constant,"{""type"":""MultiPoint"",""coordinates"":[]}"
0_2_3,5.094755719238276,219,3,constant,"{""type"":""MultiPoint"",""coordinates"":[]}"
0_2_4,699.9142335592617,1213,3,constant,"{""type"":""MultiPoint"",""coordinates"":[]}"
0_2_5,811.8330567140512,1214,3,constant,"{""type"":""MultiPoint"",""coordinates"":[]}"
0_2_6,205.56612740448284,2234,3,constant,"{""type"":""MultiPoint"",""coordinates"":[]}"
0_2_7,8269.665591267243,13134,3,constant,"{""type"":""MultiPoint"",""coordinates"":[]}"
0_3_0,1352.5976803769593,211,4,constant,"{""type"":""MultiPoint"",""coordinates"":[]}"
0_3_1,269.37309387011237,213,4,constant,"{""type"":""MultiPoint"",""coordinates"":[]}"
0_3_2,59.62332695874041,214,4,constant,"{""type"":""MultiPoint"",""coordinates"":[]}"
0_3_3,41.612275912780426,219,4,constant,"{""type"":""MultiPoint"",""coordinates"":[]}"
0_3_4,2827.3611635127895,1213,4,constant,"{""type"":""MultiPoint"",""coordinates"":[]}"
0_3_5,872.2802910481693,1214,4,constant,"{""type"":""MultiPoint"",""coordinates"":[]}"
0_3_6,102.40024178405658,2234,4,constant,"{""type"":""MultiPoint"",""coordinates"":[]}"
0_3_7,10891.50115556811,13134,4,constant,"{""type"":""MultiPoint"",""coordinates"":[]}"
0_4_0,4989.565567673013,211,5,constant,"{""type"":""MultiPoint"",""coordinates"":[]}"
0_4_1,14.318957655944809,212,5,constant,"{""type"":""MultiPoint"",""coordinates"":[]}"
0_4_2,791.9826660708603,213,5,constant,"{""type"":""MultiPoint"",""coordinates"":[]}"
0_4_3,483.2371521701693,214,5,constant,"{""type"":""MultiPoint"",""coordinates"":[]}"
0_4_4,77.16361818749962,219,5,constant,"{""type"":""MultiPoint"",""coordinates"":[]}"
0_4_5,49.303195706421036,1212,5,constant,"{""type"":""MultiPoint"",""coordinates"":[]}"
0_4_6,9635.061998645631,1213,5,constant,"{""type"":""MultiPoint"",""coordinates"":[]}"
0_4_7,3576.6744112943816,1214,5,constant,"{""type"":""MultiPoint"",""coordinates"":[]}"
0_4_8,8.378809913635239,2223,5,constant,"{""type"":""MultiPoint"",""coordinates"":[]}"
0_4_9,11.479247616577144,2224,5,constant,"{""type"":""MultiPoint"",""coordinates"":[]}"
0_4_10,926.6903162915696,2234,5,constant,"{""type"":""MultiPoint"",""coordinates"":[]}"
0_4_11,457.38619483398594,13123,5,constant,"{""type"":""MultiPoint"",""coordinates"":[]}"
0_4_12,133.4453294185785,13124,5,constant,"{""type"":""MultiPoint"",""coordinates"":[]}"
0_4_13,50686.53754744829,13134,5,constant,"{""type"":""MultiPoint"",""coordinates"":[]}"
0_4_14,22.015671883911104,23234,5,constant,"{""type"":""MultiPoint"",""coordinates"":[]}"
0_4_15,3183.619359637559,141234,5,constant,"{""type"":""MultiPoint"",""coordinates"":[]}"
0_5_0,2777.4559035049083,211,6,constant,"{""type"":""MultiPoint"",""coordinates"":[]}"
0_5_1,521.663879459962,212,6,constant,"{""type"":""MultiPoint"",""coordinates"":[]}"
0_5_2,551.2066127549541,213,6,constant,"{""type"":""MultiPoint"",""coordinates"":[]}"
0_5_3,686.3997701269576,214,6,constant,"{""type"":""MultiPoint"",""coordinates"":[]}"
0_5_4,46.31280334167463,219,6,constant,"{""type"":""MultiPoint"",""coordinates"":[]}"
0_5_5,370.5060860441895,1212,6,constant,"{""type"":""MultiPoint"",""coordinates"":[]}"
0_5_6,1250.990303174133,1213,6,constant,"{""type"":""MultiPoint"",""coordinates"":[]}"
0_5_7,1380.4669059661348,1214,6,constant,"{""type"":""MultiPoint"",""coordinates"":[]}"
0_5_8,120.95739927050785,2223,6,constant,"{""type"":""MultiPoint"",""coordinates"":[]}"
0_5_9,161.13132866772386,2224,6,constant,"{""type"":""MultiPoint"",""coordinates"":[]}"
0_5_10,254.9757744485456,2234,6,constant,"{""type"":""MultiPoint"",""coordinates"":[]}"
0_5_11,714.147686002507,13123,6,constant,"{""type"":""MultiPoint"",""coordinates"":[]}"
0_5_12,550.3650092719615,13124,6,constant,"{""type"":""MultiPoint"",""coordinates"":[]}"
0_5_13,8109.611834361188,13134,6,constant,"{""type"":""MultiPoint"",""coordinates"":[]}"
0_5_14,116.27781878753756,23234,6,constant,"{""type"":""MultiPoint"",""coordinates"":[]}"
0_5_15,3308.50545380124,141234,6,constant,"{""type"":""MultiPoint"",""coordinates"":[]}"
0_6_0,635.2926992623348,211,7,constant,"{""type"":""MultiPoint"",""coordinates"":[]}"
0_6_1,4.890040502746582,212,7,constant,"{""type"":""MultiPoint"",""coordinates"":[]}"
0_6_2,71.68458998992922,213,7,constant,"{""type"":""MultiPoint"",""coordinates"":[]}"
0_6_3,310.1849296476462,214,7,constant,"{""type"":""MultiPoint"",""coordinates"":[]}"
0_6_4,26.89652190606694,1212,7,constant,"{""type"":""MultiPoint"",""coordinates"":[]}"
0_6_5,400.99811455499423,1213,7,constant,"{""type"":""MultiPoint"",""coordinates"":[]}"
0_6_6,546.1472108618873,1214,7,constant,"{""type"":""MultiPoint"",""coordinates"":[]}"
0_6_7,0.9421903562011715,2223,7,constant,"{""type"":""MultiPoint"",""coordinates"":[]}"
0_6_8,3.00648288208008,2224,7,constant,"{""type"":""MultiPoint"",""coordinates"":[]}"
0_6_9,952.4119509976468,2234,7,constant,"{""type"":""MultiPoint"",""coordinates"":[]}"
0_6_10,251.3987104870615,13123,7,constant,"{""type"":""MultiPoint"",""coordinates"":[]}"
0_6_11,121.01535892193647,13124,7,constant,"{""type"":""MultiPoint"",""coordinates"":[]}"
0_6_12,15626.802417268107,13134,7,constant,"{""type"":""MultiPoint"",""coordinates"":[]}"
0_6_13,6.292614169006353,23234,7,constant,"{""type"":""MultiPoint"",""coordinates"":[]}"
0_6_14,6501.757990292091,141234,7,constant,"{""type"":""MultiPoint"",""coordinates"":[]}"
0_7_0,3087.422547351456,211,8,constant,"{""type"":""MultiPoint"",""coordinates"":[]}"
0_7_1,1432.407235452952,212,8,constant,"{""type"":""MultiPoint"",""coordinates"":[]}"
0_7_2,1653.7633901981067,213,8,constant,"{""type"":""MultiPoint"",""coordinates"":[]}"
0_7_3,1381.4570861375098,214,8,constant,"{""type"":""MultiPoint"",""coordinates"":[]}"
0_7_4,0.022860692138671874,219,8,constant,"{""type"":""MultiPoint"",""coordinates"":[]}"
0_7_5,698.5364390484615,1212,8,constant,"{""type"":""MultiPoint"",""coordinates"":[]}"
0_7_6,1750.7854097618974,1213,8,constant,"{""type"":""MultiPoint"",""coordinates"":[]}"
0_7_7,1465.7180499193091,1214,8,constant,"{""type"":""MultiPoint"",""coordinates"":[]}"
0_7_8,508.57753419988757,2223,8,constant,"{""type"":""MultiPoint"",""coordinates"":[]}"
0_7_9,590.7792115160532,2224,8,constant,"{""type"":""MultiPoint"",""coordinates"":[]}"
0_7_10,2448.0215159449167,2234,8,constant,"{""type"":""MultiPoint"",""coordinates"":[]}"
0_7_11,1083.8877630124143,13123,8,constant,"{""type"":""MultiPoint"",""coordinates"":[]}"
0_7_12,1234.935250049562,13124,8,constant,"{""type"":""MultiPoint"",""coordinates"":[]}"
0_7_13,7873.198534138536,13134,8,constant,"{""type"":""MultiPoint"",""coordinates"":[]}"
0_7_14,2391.8704480115252,23234,8,constant,"{""type"":""MultiPoint"",""coordinates"":[]}"
0_7_15,15758.296973129663,141234,8,constant,"{""type"":""MultiPoint"",""coordinates"":[]}"
0_8_0,872.0484437648254,211,9,constant,"{""type"":""MultiPoint"",""coordinates"":[]}"
0_8_1,266.0507202889384,212,9,constant,"{""type"":""MultiPoint"",""coordinates"":[]}"
0_8_2,625.137373290831,213,9,constant,"{""type"":""MultiPoint"",""coordinates"":[]}"
0_8_3,1074.539057161613,214,9,constant,"{""type"":""MultiPoint"",""coordinates"":[]}"
0_8_4,113.4963241918333,1212,9,constant,"{""type"":""MultiPoint"",""coordinates"":[]}"
0_8_5,425.25763762200893,1213,9,constant,"{""type"":""MultiPoint"",""coordinates"":[]}"
0_8_6,515.7705462597044,1214,9,constant,"{""type"":""MultiPoint"",""coordinates"":[]}"
0_8_7,122.06951745599368,2223,9,constant,"{""type"":""MultiPoint"",""coordinates"":[]}"
0_8_8,208.04164728753693,2224,9,constant,"{""type"":""MultiPoint"",""coordinates"":[]}"
0_8_9,667.6330422311418,2234,9,constant,"{""type"":""MultiPoint"",""coordinates"":[]}"
0_8_10,171.27724676715093,13123,9,constant,"{""type"":""MultiPoint"",""coordinates"":[]}"
0_8_11,299.34458830658025,13124,9,constant,"{""type"":""MultiPoint"",""coordinates"":[]}"
0_8_12,1375.7035853122647,13134,9,constant,"{""type"":""MultiPoint"",""coordinates"":[]}"
0_8_13,560.732703172181,23234,9,constant,"{""type"":""MultiPoint"",""coordinates"":[]}"
0_8_14,3788.3187150409713,141234,9,constant,"{""type"":""MultiPoint"",""coordinates"":[]}"
0_9_0,4135.162400871791,211,10,constant,"{""type"":""MultiPoint"",""coordinates"":[]}"
0_9_1,173.04053286901834,212,10,constant,"{""type"":""MultiPoint"",""coordinates"":[]}"
0_9_2,1242.4527895625604,213,10,constant,"{""type"":""MultiPoint"",""coordinates"":[]}"
0_9_3,812.8234083051742,214,10,constant,"{""type"":""MultiPoint"",""coordinates"":[]}"
0_9_4,149.47791893115232,1212,10,constant,"{""type"":""MultiPoint"",""coordinates"":[]}"
0_9_5,2237.4888628204735,1213,10,constant,"{""type"":""MultiPoint"",""coordinates"":[]}"
0_9_6,3909.8734958986197,1214,10,constant,"{""type"":""MultiPoint"",""coordinates"":[]}"
0_9_7,222.36114568609673,2223,10,constant,"{""type"":""MultiPoint"",""coordinates"":[]}"
0_9_8,160.12056285852077,2224,10,constant,"{""type"":""MultiPoint"",""coordinates"":[]}"
0_9_9,821.6532999621635,2234,10,constant,"{""type"":""MultiPoint"",""coordinates"":[]}"
0_9_10,735.7920457193013,13123,10,constant,"{""type"":""MultiPoint"",""coordinates"":[]}"
0_9_11,675.5715643590723,13124,10,constant,"{""type"":""MultiPoint"",""coordinates"":[]}"
0_9_12,34662.56691983776,13134,10,constant,"{""type"":""MultiPoint"",""coordinates"":[]}"
0_9_13,543.8374821806553,23234,10,constant,"{""type"":""MultiPoint"",""coordinates"":[]}"
0_9_14,13382.308673811836,141234,10,constant,"{""type"":""MultiPoint"",""coordinates"":[]}"
0_10_0,771.4339903275197,211,11,constant,"{""type"":""MultiPoint"",""coordinates"":[]}"
0_10_1,103.5832293185422,213,11,constant,"{""type"":""MultiPoint"",""coordinates"":[]}"
0_10_2,216.00453485449114,214,11,constant,"{""type"":""MultiPoint"",""coordinates"":[]}"
0_10_3,296.3966255274662,1213,11,constant,"{""type"":""MultiPoint"",""coordinates"":[]}"
0_10_4,763.5747329589814,1214,11,constant,"{""type"":""MultiPoint"",""coordinates"":[]}"
0_10_5,303.0867932753299,2234,11,constant,"{""type"":""MultiPoint"",""coordinates"":[]}"
0_10_6,13747.749507335442,13134,11,constant,"{""type"":""MultiPoint"",""coordinates"":[]}"
0_11_0,439.9342858358744,211,12,constant,"{""type"":""MultiPoint"",""coordinates"":[]}"
0_11_1,111.794966599001,212,12,constant,"{""type"":""MultiPoint"",""coordinates"":[]}"
0_11_2,276.4225110974682,213,12,constant,"{""type"":""MultiPoint"",""coordinates"":[]}"
0_11_3,372.93565816168496,214,12,constant,"{""type"":""MultiPoint"",""coordinates"":[]}"
0_11_4,0.6284758843383788,219,12,constant,"{""type"":""MultiPoint"",""coordinates"":[]}"
0_11_5,118.86985399249188,1212,12,constant,"{""type"":""MultiPoint"",""coordinates"":[]}"
0_11_6,202.53730288110333,1213,12,constant,"{""type"":""MultiPoint"",""coordinates"":[]}"
0_11_7,154.45924558624313,1214,12,constant,"{""type"":""MultiPoint"",""coordinates"":[]}"
0_11_8,47.82123162756337,2223,12,constant,"{""type"":""MultiPoint"",""coordinates"":[]}"
0_11_9,53.33129420098872,2224,12,constant,"{""type"":""MultiPoint"",""coordinates"":[]}"
0_11_10,178.8356081295157,2234,12,constant,"{""type"":""MultiPoint"",""coordinates"":[]}"
0_11_11,124.36994663873332,13123,12,constant,"{""type"":""MultiPoint"",""coordinates"":[]}"
0_11_12,171.28027300732262,13124,12,constant,"{""type"":""MultiPoint"",""coordinates"":[]}"
0_11_13,336.950428368283,13134,12,constant,"{""type"":""MultiPoint"",""coordinates"":[]}"
0_11_14,86.9173285647594,23234,12,constant,"{""type"":""MultiPoint"",""coordinates"":[]}"
0_11_15,980.1400513266709,141234,12,constant,"{""type"":""MultiPoint"",""coordinates"":[]}"
0_12_0,949.5579934119819,211,13,constant,"{""type"":""MultiPoint"",""coordinates"":[]}"
0_12_1,244.20529686474595,212,13,constant,"{""type"":""MultiPoint"",""coordinates"":[]}"
0_12_2,721.6726303820169,213,13,constant,"{""type"":""MultiPoint"",""coordinates"":[]}"
0_12_3,1230.5460007618435,214,13,constant,"{""type"":""MultiPoint"",""coordinates"":[]}"
0_12_4,133.0136232391967,1212,13,constant,"{""type"":""MultiPoint"",""coordinates"":[]}"
0_12_5,565.6599081997074,1213,13,constant,"{""type"":""MultiPoint"",""coordinates"":[]}"
0_12_6,638.7207495397932,1214,13,constant,"{""type"":""MultiPoint"",""coordinates"":[]}"
0_12_7,115.5318544038698,2223,13,constant,"{""type"":""MultiPoint"",""coordinates"":[]}"
0_12_8,243.52270407232683,2224,13,constant,"{""type"":""MultiPoint"",""coordinates"":[]}"
0_12_9,689.701252967343,2234,13,constant,"{""type"":""MultiPoint"",""coordinates"":[]}"
0_12_10,269.0462807065428,13123,13,constant,"{""type"":""MultiPoint"",""coordinates"":[]}"
0_12_11,494.2949975448594,13124,13,constant,"{""type"":""MultiPoint"",""coordinates"":[]}"
0_12_12,2002.368994117367,13134,13,constant,"{""type"":""MultiPoint"",""coordinates"":[]}"
0_12_13,855.035707475279,23234,13,constant,"{""type"":""MultiPoint"",""coordinates"":[]}"
0_12_14,7526.553527058964,141234,13,constant,"{""type"":""MultiPoint"",""coordinates"":[]}"
0_13_0,2465.084561718945,211,14,constant,"{""type"":""MultiPoint"",""coordinates"":[]}"
0_13_1,740.368605194032,212,14,constant,"{""type"":""MultiPoint"",""coordinates"":[]}"
0_13_2,2967.6944939539403,213,14,constant,"{""type"":""MultiPoint"",""coordinates"":[]}"
0_13_3,2233.6338999375566,214,14,constant,"{""type"":""MultiPoint"",""coordinates"":[]}"
0_13_4,8.575469360351562E-4,219,14,constant,"{""type"":""MultiPoint"",""coordinates"":[]}"
0_13_5,472.7806393311167,1212,14,constant,"{""type"":""MultiPoint"",""coordinates"":[]}"
0_13_6,1410.9112159832155,1213,14,constant,"{""type"":""MultiPoint"",""coordinates"":[]}"
0_13_7,1127.9406007636117,1214,14,constant,"{""type"":""MultiPoint"",""coordinates"":[]}"
0_13_8,643.0560083745136,2223,14,constant,"{""type"":""MultiPoint"",""coordinates"":[]}"
0_13_9,492.4486570739145,2224,14,constant,"{""type"":""MultiPoint"",""coordinates"":[]}"
0_13_10,2369.201010925501,2234,14,constant,"{""type"":""MultiPoint"",""coordinates"":[]}"
0_13_11,916.101175937798,13123,14,constant,"{""type"":""MultiPoint"",""coordinates"":[]}"
0_13_12,1041.0711566939733,13124,14,constant,"{""type"":""MultiPoint"",""coordinates"":[]}"
0_13_13,3910.262620402101,13134,14,constant,"{""type"":""MultiPoint"",""coordinates"":[]}"
0_13_14,1814.1005063776042,23234,14,constant,"{""type"":""MultiPoint"",""coordinates"":[]}"
0_13_15,10149.550735739918,141234,14,constant,"{""type"":""MultiPoint"",""coordinates"":[]}"
0_14_0,2239.1212768975934,211,15,constant,"{""type"":""MultiPoint"",""coordinates"":[]}"
0_14_1,331.6592308277577,212,15,constant,"{""type"":""MultiPoint"",""coordinates"":[]}"
0_14_2,1632.3422528931148,213,15,constant,"{""type"":""MultiPoint"",""coordinates"":[]}"
0_14_3,778.6129891234061,214,15,constant,"{""type"":""MultiPoint"",""coordinates"":[]}"
0_14_4,70.83966357311937,219,15,constant,"{""type"":""MultiPoint"",""coordinates"":[]}"
0_14_5,1042.0817813662054,1212,15,constant,"{""type"":""MultiPoint"",""coordinates"":[]}"
0_14_6,4431.194906605555,1213,15,constant,"{""type"":""MultiPoint"",""coordinates"":[]}"
0_14_7,626.8621530136115,1214,15,constant,"{""type"":""MultiPoint"",""coordinates"":[]}"
0_14_8,285.55480347998054,2223,15,constant,"{""type"":""MultiPoint"",""coordinates"":[]}"
0_14_9,324.79345789715444,2224,15,constant,"{""type"":""MultiPoint"",""coordinates"":[]}"
0_14_10,682.5717863073093,2234,15,constant,"{""type"":""MultiPoint"",""coordinates"":[]}"
0_14_11,2723.688758272466,13123,15,constant,"{""type"":""MultiPoint"",""coordinates"":[]}"
0_14_12,1909.5256566435824,13124,15,constant,"{""type"":""MultiPoint"",""coordinates"":[]}"
0_14_13,1302.906065321342,13134,15,constant,"{""type"":""MultiPoint"",""coordinates"":[]}"
0_14_14,494.6577911824994,23234,15,constant,"{""type"":""MultiPoint"",""coordinates"":[]}"
0_14_15,5791.076682186267,141234,15,constant,"{""type"":""MultiPoint"",""coordinates"":[]}"
0_15_0,873.3046077090414,211,16,constant,"{""type"":""MultiPoint"",""coordinates"":[]}"
0_15_1,791.1140514261394,212,16,constant,"{""type"":""MultiPoint"",""coordinates"":[]}"
0_15_2,42.28980893078607,213,16,constant,"{""type"":""MultiPoint"",""coordinates"":[]}"
0_15_3,572.1854358900121,214,16,constant,"{""type"":""MultiPoint"",""coordinates"":[]}"
0_15_4,0.6929388051147461,219,16,constant,"{""type"":""MultiPoint"",""coordinates"":[]}"
0_15_5,63.371345036682044,1212,16,constant,"{""type"":""MultiPoint"",""coordinates"":[]}"
0_15_6,22.632659669250476,1213,16,constant,"{""type"":""MultiPoint"",""coordinates"":[]}"
0_15_7,368.6161555459569,1214,16,constant,"{""type"":""MultiPoint"",""coordinates"":[]}"
0_15_8,0.3694084715576172,2223,16,constant,"{""type"":""MultiPoint"",""coordinates"":[]}"
0_15_9,67.76364913842795,2224,16,constant,"{""type"":""MultiPoint"",""coordinates"":[]}"
0_15_10,13.553955511535664,2234,16,constant,"{""type"":""MultiPoint"",""coordinates"":[]}"
0_15_11,1.8656989251098526,13123,16,constant,"{""type"":""MultiPoint"",""coordinates"":[]}"
0_15_12,74.70039097613493,13124,16,constant,"{""type"":""MultiPoint"",""coordinates"":[]}"
0_15_13,66.01035391845701,13134,16,constant,"{""type"":""MultiPoint"",""coordinates"":[]}"
0_15_14,0.35125704034423827,23234,16,constant,"{""type"":""MultiPoint"",""coordinates"":[]}"
0_15_15,3.746896292968751,141234,16,constant,"{""type"":""MultiPoint"",""coordinates"":[]}"
0_16_0,1277.3089751776834,211,17,constant,"{""type"":""MultiPoint"",""coordinates"":[]}"
0_16_1,743.5359393680484,212,17,constant,"{""type"":""MultiPoint"",""coordinates"":[]}"
0_16_2,3237.0099612814984,213,17,constant,"{""type"":""MultiPoint"",""coordinates"":[]}"
0_16_3,3071.82364367644,214,17,constant,"{""type"":""MultiPoint"",""coordinates"":[]}"
0_16_4,0.010946788208007813,219,17,constant,"{""type"":""MultiPoint"",""coordinates"":[]}"
0_16_5,235.81021742759793,1212,17,constant,"{""type"":""MultiPoint"",""coordinates"":[]}"
0_16_6,985.3855446984896,1213,17,constant,"{""type"":""MultiPoint"",""coordinates"":[]}"
0_16_7,853.8402579288947,1214,17,constant,"{""type"":""MultiPoint"",""coordinates"":[]}"
0_16_8,447.42661814880466,2223,17,constant,"{""type"":""MultiPoint"",""coordinates"":[]}"
0_16_9,584.0067186185337,2224,17,constant,"{""type"":""MultiPoint"",""coordinates"":[]}"
0_16_10,2182.1832405087825,2234,17,constant,"{""type"":""MultiPoint"",""coordinates"":[]}"
0_16_11,331.90306860229464,13123,17,constant,"{""type"":""MultiPoint"",""coordinates"":[]}"
0_16_12,559.0953090219148,13124,17,constant,"{""type"":""MultiPoint"",""coordinates"":[]}"
0_16_13,2215.7779131685597,13134,17,constant,"{""type"":""MultiPoint"",""coordinates"":[]}"
0_16_14,1564.0614176423826,23234,17,constant,"{""type"":""MultiPoint"",""coordinates"":[]}"
0_16_15,4094.564343815192,141234,17,constant,"{""type"":""MultiPoint"",""coordinates"":[]}"
0_17_0,441.6906061047357,211,18,constant,"{""type"":""MultiPoint"",""coordinates"":[]}"
0_17_1,72.28172149499551,212,18,constant,"{""type"":""MultiPoint"",""coordinates"":[]}"
0_17_2,398.4159468914179,213,18,constant,"{""type"":""MultiPoint"",""coordinates"":[]}"
0_17_3,923.7759956658876,214,18,constant,"{""type"":""MultiPoint"",""coordinates"":[]}"
0_17_4,7.307343834716762,1212,18,constant,"{""type"":""MultiPoint"",""coordinates"":[]}"
0_17_5,149.0394386139527,1213,18,constant,"{""type"":""MultiPoint"",""coordinates"":[]}"
0_17_6,226.89591258563226,1214,18,constant,"{""type"":""MultiPoint"",""coordinates"":[]}"
0_17_7,8.039446064819298,2223,18,constant,"{""type"":""MultiPoint"",""coordinates"":[]}"
0_17_8,26.435456384155234,2224,18,constant,"{""type"":""MultiPoint"",""coordinates"":[]}"
0_17_9,102.49558559057624,2234,18,constant,"{""type"":""MultiPoint"",""coordinates"":[]}"
0_17_10,6.173657731445295,13123,18,constant,"{""type"":""MultiPoint"",""coordinates"":[]}"
0_17_11,22.28308907263161,13124,18,constant,"{""type"":""MultiPoint"",""coordinates"":[]}"
0_17_12,126.08005476617427,13134,18,constant,"{""type"":""MultiPoint"",""coordinates"":[]}"
0_17_13,9.394229871154812,23234,18,constant,"{""type"":""MultiPoint"",""coordinates"":[]}"
0_17_14,16.90309432611083,141234,18,constant,"{""type"":""MultiPoint"",""coordinates"":[]}"
0_18_0,451.77756613909906,211,19,constant,"{""type"":""MultiPoint"",""coordinates"":[]}"
0_18_1,719.3604401740467,212,19,constant,"{""type"":""MultiPoint"",""coordinates"":[]}"
0_18_2,178.7437255070799,213,19,constant,"{""type"":""MultiPoint"",""coordinates"":[]}"
0_18_3,383.17942143872,214,19,constant,"{""type"":""MultiPoint"",""coordinates"":[]}"
0_18_4,0.1871179692993164,219,19,constant,"{""type"":""MultiPoint"",""coordinates"":[]}"
0_18_5,24.360593159606896,1212,19,constant,"{""type"":""MultiPoint"",""coordinates"":[]}"
0_18_6,52.34060017340092,1213,19,constant,"{""type"":""MultiPoint"",""coordinates"":[]}"
0_18_7,135.3200675177004,1214,19,constant,"{""type"":""MultiPoint"",""coordinates"":[]}"
0_18_8,2.6986812315673805,2223,19,constant,"{""type"":""MultiPoint"",""coordinates"":[]}"
0_18_9,30.224873907348684,2224,19,constant,"{""type"":""MultiPoint"",""coordinates"":[]}"
0_18_10,10.717091360290533,2234,19,constant,"{""type"":""MultiPoint"",""coordinates"":[]}"
0_18_11,3.0916497651977544,13123,19,constant,"{""type"":""MultiPoint"",""coordinates"":[]}"
0_18_12,19.571553117797826,13124,19,constant,"{""type"":""MultiPoint"",""coordinates"":[]}"
0_18_13,25.320179046386713,13134,19,constant,"{""type"":""MultiPoint"",""coordinates"":[]}"
0_18_14,6.0517095521850806,23234,19,constant,"{""type"":""MultiPoint"",""coordinates"":[]}"
0_18_15,11.416874317504897,141234,19,constant,"{""type"":""MultiPoint"",""coordinates"":[]}"
0_19_0,173.83571018487626,211,20,constant,"{""type"":""MultiPoint"",""coordinates"":[]}"
0_19_1,8.842452317749029,212,20,constant,"{""type"":""MultiPoint"",""coordinates"":[]}"
0_19_2,63.71810911669937,213,20,constant,"{""type"":""MultiPoint"",""coordinates"":[]}"
0_19_3,464.10876900140414,214,20,constant,"{""type"":""MultiPoint"",""coordinates"":[]}"
0_19_4,5.018183253234869,1212,20,constant,"{""type"":""MultiPoint"",""coordinates"":[]}"
0_19_5,32.916551739014025,1213,20,constant,"{""type"":""MultiPoint"",""coordinates"":[]}"
0_19_6,152.44197897479253,1214,20,constant,"{""type"":""MultiPoint"",""coordinates"":[]}"
0_19_7,0.34643973925781246,2223,20,constant,"{""type"":""MultiPoint"",""coordinates"":[]}"
0_19_8,14.276392472534173,2224,20,constant,"{""type"":""MultiPoint"",""coordinates"":[]}"
0_19_9,61.59648935742234,2234,20,constant,"{""type"":""MultiPoint"",""coordinates"":[]}"
0_19_10,0.7639898135375971,13123,20,constant,"{""type"":""MultiPoint"",""coordinates"":[]}"
0_19_11,15.424424833251978,13124,20,constant,"{""type"":""MultiPoint"",""coordinates"":[]}"
0_19_12,86.99318596081567,13134,20,constant,"{""type"":""MultiPoint"",""coordinates"":[]}"
0_19_13,6.45779210266114,23234,20,constant,"{""type"":""MultiPoint"",""coordinates"":[]}"
0_19_14,20.453362041138515,141234,20,constant,"{""type"":""MultiPoint"",""coordinates"":[]}"
0_20_0,823.8683082061159,211,21,constant,"{""type"":""MultiPoint"",""coordinates"":[]}"
0_20_1,344.13090974762065,212,21,constant,"{""type"":""MultiPoint"",""coordinates"":[]}"
0_20_2,1213.3597733204242,213,21,constant,"{""type"":""MultiPoint"",""coordinates"":[]}"
0_20_3,1534.7522771538052,214,21,constant,"{""type"":""MultiPoint"",""coordinates"":[]}"
0_20_4,157.01070019268823,1212,21,constant,"{""type"":""MultiPoint"",""coordinates"":[]}"
0_20_5,558.4926393358197,1213,21,constant,"{""type"":""MultiPoint"",""coordinates"":[]}"
0_20_6,466.5882104692391,1214,21,constant,"{""type"":""MultiPoint"",""coordinates"":[]}"
0_20_7,181.30516311822495,2223,21,constant,"{""type"":""MultiPoint"",""coordinates"":[]}"
0_20_8,325.35301151770017,2224,21,constant,"{""type"":""MultiPoint"",""coordinates"":[]}"
0_20_9,733.109942465209,2234,21,constant,"{""type"":""MultiPoint"",""coordinates"":[]}"
0_20_10,327.79328517169677,13123,21,constant,"{""type"":""MultiPoint"",""coordinates"":[]}"
0_20_11,425.4825089986566,13124,21,constant,"{""type"":""MultiPoint"",""coordinates"":[]}"
0_20_12,1175.930485802732,13134,21,constant,"{""type"":""MultiPoint"",""coordinates"":[]}"
0_20_13,685.6242082244297,23234,21,constant,"{""type"":""MultiPoint"",""coordinates"":[]}"
0_20_14,3765.397311415914,141234,21,constant,"{""type"":""MultiPoint"",""coordinates"":[]}"
0_21_0,169.52295011889595,211,22,constant,"{""type"":""MultiPoint"",""coordinates"":[]}"
0_21_1,39.30764888525398,212,22,constant,"{""type"":""MultiPoint"",""coordinates"":[]}"
0_21_2,397.6472664306667,213,22,constant,"{""type"":""MultiPoint"",""coordinates"":[]}"
0_21_3,1429.4451135458703,214,22,constant,"{""type"":""MultiPoint"",""coordinates"":[]}"
0_21_4,6.946579371948246,1212,22,constant,"{""type"":""MultiPoint"",""coordinates"":[]}"
0_21_5,59.55671865539551,1213,22,constant,"{""type"":""MultiPoint"",""coordinates"":[]}"
0_21_6,156.20498158892906,1214,22,constant,"{""type"":""MultiPoint"",""coordinates"":[]}"
0_21_7,18.662431202209444,2223,22,constant,"{""type"":""MultiPoint"",""coordinates"":[]}"
0_21_8,49.193147611267165,2224,22,constant,"{""type"":""MultiPoint"",""coordinates"":[]}"
0_21_9,258.3029963376469,2234,22,constant,"{""type"":""MultiPoint"",""coordinates"":[]}"
0_21_10,10.864001520324702,13123,22,constant,"{""type"":""MultiPoint"",""coordinates"":[]}"
0_21_11,29.29633071551511,13124,22,constant,"{""type"":""MultiPoint"",""coordinates"":[]}"
0_21_12,176.28256823168826,13134,22,constant,"{""type"":""MultiPoint"",""coordinates"":[]}"
0_21_13,105.1217866369627,23234,22,constant,"{""type"":""MultiPoint"",""coordinates"":[]}"
0_21_14,192.40526186321995,141234,22,constant,"{""type"":""MultiPoint"",""coordinates"":[]}"
0_22_0,264.68391026732894,211,23,constant,"{""type"":""MultiPoint"",""coordinates"":[]}"
0_22_1,177.7740364425027,212,23,constant,"{""type"":""MultiPoint"",""coordinates"":[]}"
0_22_2,643.1539278204942,213,23,constant,"{""type"":""MultiPoint"",""coordinates"":[]}"
0_22_3,1138.9691325064173,214,23,constant,"{""type"":""MultiPoint"",""coordinates"":[]}"
0_22_4,0.0016990027465820312,219,23,constant,"{""type"":""MultiPoint"",""coordinates"":[]}"
0_22_5,39.13596675994916,1212,23,constant,"{""type"":""MultiPoint"",""coordinates"":[]}"
0_22_6,113.3024535775148,1213,23,constant,"{""type"":""MultiPoint"",""coordinates"":[]}"
0_22_7,245.2503094357824,1214,23,constant,"{""type"":""MultiPoint"",""coordinates"":[]}"
0_22_8,72.34897278302012,2223,23,constant,"{""type"":""MultiPoint"",""coordinates"":[]}"
0_22_9,252.93017624145406,2224,23,constant,"{""type"":""MultiPoint"",""coordinates"":[]}"
0_22_10,579.2873711566684,2234,23,constant,"{""type"":""MultiPoint"",""coordinates"":[]}"
0_22_11,35.157185922546326,13123,23,constant,"{""type"":""MultiPoint"",""coordinates"":[]}"
0_22_12,138.49078997534218,13124,23,constant,"{""type"":""MultiPoint"",""coordinates"":[]}"
0_22_13,395.68373552905257,13134,23,constant,"{""type"":""MultiPoint"",""coordinates"":[]}"
0_22_14,428.96148171478274,23234,23,constant,"{""type"":""MultiPoint"",""coordinates"":[]}"
0_22_15,738.1212388968545,141234,23,constant,"{""type"":""MultiPoint"",""coordinates"":[]}"
0_23_0,1562.9585726965392,211,24,constant,"{""type"":""MultiPoint"",""coordinates"":[]}"
0_23_1,306.75711465234446,212,24,constant,"{""type"":""MultiPoint"",""coordinates"":[]}"
0_23_2,164.46247964678938,213,24,constant,"{""type"":""MultiPoint"",""coordinates"":[]}"
0_23_3,296.33147731396406,214,24,constant,"{""type"":""MultiPoint"",""coordinates"":[]}"
0_23_4,0.009715534606933593,219,24,constant,"{""type"":""MultiPoint"",""coordinates"":[]}"
0_23_5,400.33614511767445,1212,24,constant,"{""type"":""MultiPoint"",""coordinates"":[]}"
0_23_6,946.7769580739151,1213,24,constant,"{""type"":""MultiPoint"",""coordinates"":[]}"
0_23_7,816.653856251951,1214,24,constant,"{""type"":""MultiPoint"",""coordinates"":[]}"
0_23_8,76.0097731527099,2223,24,constant,"{""type"":""MultiPoint"",""coordinates"":[]}"
0_23_9,205.16619923681642,2224,24,constant,"{""type"":""MultiPoint"",""coordinates"":[]}"
0_23_10,181.48623442370612,2234,24,constant,"{""type"":""MultiPoint"",""coordinates"":[]}"
0_23_11,1577.5289116355095,13123,24,constant,"{""type"":""MultiPoint"",""coordinates"":[]}"
0_23_12,1264.288164409066,13124,24,constant,"{""type"":""MultiPoint"",""coordinates"":[]}"
0_23_13,6392.8501887319235,13134,24,constant,"{""type"":""MultiPoint"",""coordinates"":[]}"
0_23_14,369.6213424220585,23234,24,constant,"{""type"":""MultiPoint"",""coordinates"":[]}"
0_23_15,21889.598272247564,141234,24,constant,"{""type"":""MultiPoint"",""coordinates"":[]}"
0_24_0,4825.818414077469,211,25,constant,"{""type"":""MultiPoint"",""coordinates"":[]}"
0_24_1,1626.9060927973603,212,25,constant,"{""type"":""MultiPoint"",""coordinates"":[]}"
0_24_2,3036.1727840021413,213,25,constant,"{""type"":""MultiPoint"",""coordinates"":[]}"
0_24_3,4748.39251447036,214,25,constant,"{""type"":""MultiPoint"",""coordinates"":[]}"
0_24_4,319.8962619511097,219,25,constant,"{""type"":""MultiPoint"",""coordinates"":[]}"
0_24_5,959.6371742492057,1212,25,constant,"{""type"":""MultiPoint"",""coordinates"":[]}"
0_24_6,5239.630014712325,1213,25,constant,"{""type"":""MultiPoint"",""coordinates"":[]}"
0_24_7,2355.1830946821265,1214,25,constant,"{""type"":""MultiPoint"",""coordinates"":[]}"
0_24_8,441.2380002964474,2223,25,constant,"{""type"":""MultiPoint"",""coordinates"":[]}"
0_24_9,775.4909166666903,2224,25,constant,"{""type"":""MultiPoint"",""coordinates"":[]}"
0_24_10,932.741356622619,2234,25,constant,"{""type"":""MultiPoint"",""coordinates"":[]}"
0_24_11,1323.3130699955514,13123,25,constant,"{""type"":""MultiPoint"",""coordinates"":[]}"
0_24_12,1248.0833565441862,13124,25,constant,"{""type"":""MultiPoint"",""coordinates"":[]}"
0_24_13,4307.499061393782,13134,25,constant,"{""type"":""MultiPoint"",""coordinates"":[]}"
0_24_14,927.9902968327048,23234,25,constant,"{""type"":""MultiPoint"",""coordinates"":[]}"
0_24_15,7780.68611751105,141234,25,constant,"{""type"":""MultiPoint"",""coordinates"":[]}"
0_25_0,1174.8636669942505,211,26,constant,"{""type"":""MultiPoint"",""coordinates"":[]}"
0_25_1,1545.5231041066431,212,26,constant,"{""type"":""MultiPoint"",""coordinates"":[]}"
0_25_2,305.4078421493543,213,26,constant,"{""type"":""MultiPoint"",""coordinates"":[]}"
0_25_3,383.6209454752189,214,26,constant,"{""type"":""MultiPoint"",""coordinates"":[]}"
0_25_4,0.007932042907714843,219,26,constant,"{""type"":""MultiPoint"",""coordinates"":[]}"
0_25_5,760.0885443519954,1212,26,constant,"{""type"":""MultiPoint"",""coordinates"":[]}"
0_25_6,614.6579544974317,1213,26,constant,"{""type"":""MultiPoint"",""coordinates"":[]}"
0_25_7,516.1420534634389,1214,26,constant,"{""type"":""MultiPoint"",""coordinates"":[]}"
0_25_8,167.75521921368286,2223,26,constant,"{""type"":""MultiPoint"",""coordinates"":[]}"
0_25_9,359.17820037536654,2224,26,constant,"{""type"":""MultiPoint"",""coordinates"":[]}"
0_25_10,175.09155613458242,2234,26,constant,"{""type"":""MultiPoint"",""coordinates"":[]}"
0_25_11,2053.161057629269,13123,26,constant,"{""type"":""MultiPoint"",""coordinates"":[]}"
0_25_12,1501.7984262716125,13124,26,constant,"{""type"":""MultiPoint"",""coordinates"":[]}"
0_25_13,3509.428900486798,13134,26,constant,"{""type"":""MultiPoint"",""coordinates"":[]}"
0_25_14,617.9129713301998,23234,26,constant,"{""type"":""MultiPoint"",""coordinates"":[]}"
0_25_15,30239.467962401162,141234,26,constant,"{""type"":""MultiPoint"",""coordinates"":[]}"
0_26_0,990.7293398761066,211,27,constant,"{""type"":""MultiPoint"",""coordinates"":[]}"
0_26_1,3024.3665610477474,212,27,constant,"{""type"":""MultiPoint"",""coordinates"":[]}"
0_26_2,429.86178200508584,213,27,constant,"{""type"":""MultiPoint"",""coordinates"":[]}"
0_26_3,804.2573516081512,214,27,constant,"{""type"":""MultiPoint"",""coordinates"":[]}"
0_26_4,386.6220893647504,1212,27,constant,"{""type"":""MultiPoint"",""coordinates"":[]}"
0_26_5,308.56826601806614,1213,27,constant,"{""type"":""MultiPoint"",""coordinates"":[]}"
0_26_6,577.0188224376195,1214,27,constant,"{""type"":""MultiPoint"",""coordinates"":[]}"
0_26_7,152.0323994405515,2223,27,constant,"{""type"":""MultiPoint"",""coordinates"":[]}"
0_26_8,618.3726768815295,2224,27,constant,"{""type"":""MultiPoint"",""coordinates"":[]}"
0_26_9,323.275591932861,2234,27,constant,"{""type"":""MultiPoint"",""coordinates"":[]}"
0_26_10,499.33220626515725,13123,27,constant,"{""type"":""MultiPoint"",""coordinates"":[]}"
0_26_11,1221.6473696771225,13124,27,constant,"{""type"":""MultiPoint"",""coordinates"":[]}"
0_26_12,1126.3705318054929,13134,27,constant,"{""type"":""MultiPoint"",""coordinates"":[]}"
0_26_13,733.0121007534806,23234,27,constant,"{""type"":""MultiPoint"",""coordinates"":[]}"
0_26_14,6686.7631358881745,141234,27,constant,"{""type"":""MultiPoint"",""coordinates"":[]}"
0_27_0,2123.1697197759995,211,28,constant,"{""type"":""MultiPoint"",""coordinates"":[]}"
0_27_1,726.8216363967852,212,28,constant,"{""type"":""MultiPoint"",""coordinates"":[]}"
0_27_2,660.1252199398762,213,28,constant,"{""type"":""MultiPoint"",""coordinates"":[]}"
0_27_3,732.8864162315007,214,28,constant,"{""type"":""MultiPoint"",""coordinates"":[]}"
0_27_4,75.7984809481823,219,28,constant,"{""type"":""MultiPoint"",""coordinates"":[]}"
0_27_5,706.0137289719881,1212,28,constant,"{""type"":""MultiPoint"",""coordinates"":[]}"
0_27_6,1443.0070578663106,1213,28,constant,"{""type"":""MultiPoint"",""coordinates"":[]}"
0_27_7,814.558128236272,1214,28,constant,"{""type"":""MultiPoint"",""coordinates"":[]}"
0_27_8,141.56424921984865,2223,28,constant,"{""type"":""MultiPoint"",""coordinates"":[]}"
0_27_9,390.44892253289356,2224,28,constant,"{""type"":""MultiPoint"",""coordinates"":[]}"
0_27_10,146.34503386364764,2234,28,constant,"{""type"":""MultiPoint"",""coordinates"":[]}"
0_27_11,809.7753502614778,13123,28,constant,"{""type"":""MultiPoint"",""coordinates"":[]}"
0_27_12,1277.9049128641389,13124,28,constant,"{""type"":""MultiPoint"",""coordinates"":[]}"
0_27_13,1338.6809752608149,13134,28,constant,"{""type"":""MultiPoint"",""coordinates"":[]}"
0_27_14,350.65895721002204,23234,28,constant,"{""type"":""MultiPoint"",""coordinates"":[]}"
0_27_15,6404.053502677249,141234,28,constant,"{""type"":""MultiPoint"",""coordinates"":[]}"
0_28_0,2309.8194252491962,211,29,constant,"{""type"":""MultiPoint"",""coordinates"":[]}"
0_28_1,495.09328588702743,212,29,constant,"{""type"":""MultiPoint"",""coordinates"":[]}"
0_28_2,399.0522420021978,213,29,constant,"{""type"":""MultiPoint"",""coordinates"":[]}"
0_28_3,90.829836530884,214,29,constant,"{""type"":""MultiPoint"",""coordinates"":[]}"
0_28_4,450.4554926954882,219,29,constant,"{""type"":""MultiPoint"",""coordinates"":[]}"
0_28_5,719.3883677614731,1212,29,constant,"{""type"":""MultiPoint"",""coordinates"":[]}"
0_28_6,854.8478070445569,1213,29,constant,"{""type"":""MultiPoint"",""coordinates"":[]}"
0_28_7,356.9158328439923,1214,29,constant,"{""type"":""MultiPoint"",""coordinates"":[]}"
0_28_8,21.087486658935564,2223,29,constant,"{""type"":""MultiPoint"",""coordinates"":[]}"
0_28_9,32.73501941149908,2224,29,constant,"{""type"":""MultiPoint"",""coordinates"":[]}"
0_28_10,23.2365367177734,2234,29,constant,"{""type"":""MultiPoint"",""coordinates"":[]}"
0_28_11,1627.281718529993,13123,29,constant,"{""type"":""MultiPoint"",""coordinates"":[]}"
0_28_12,723.8643361793769,13124,29,constant,"{""type"":""MultiPoint"",""coordinates"":[]}"
0_28_13,1607.282214739678,13134,29,constant,"{""type"":""MultiPoint"",""coordinates"":[]}"
0_28_14,14.594132419921902,23234,29,constant,"{""type"":""MultiPoint"",""coordinates"":[]}"
0_28_15,17007.71579656741,141234,29,constant,"{""type"":""MultiPoint"",""coordinates"":[]}"
0_29_0,607.1916702060566,211,30,constant,"{""type"":""MultiPoint"",""coordinates"":[]}"
0_29_1,478.29112777477957,212,30,constant,"{""type"":""MultiPoint"",""coordinates"":[]}"
0_29_2,479.7296469691183,213,30,constant,"{""type"":""MultiPoint"",""coordinates"":[]}"
0_29_3,885.9469233906824,214,30,constant,"{""type"":""MultiPoint"",""coordinates"":[]}"
0_29_4,106.31921014685066,1212,30,constant,"{""type"":""MultiPoint"",""coordinates"":[]}"
0_29_5,318.2689197339491,1213,30,constant,"{""type"":""MultiPoint"",""coordinates"":[]}"
0_29_6,372.11162913897783,1214,30,constant,"{""type"":""MultiPoint"",""coordinates"":[]}"
0_29_7,138.332729035461,2223,30,constant,"{""type"":""MultiPoint"",""coordinates"":[]}"
0_29_8,444.92863978790484,2224,30,constant,"{""type"":""MultiPoint"",""coordinates"":[]}"
0_29_9,339.0038872720341,2234,30,constant,"{""type"":""MultiPoint"",""coordinates"":[]}"
0_29_10,148.3514406313476,13123,30,constant,"{""type"":""MultiPoint"",""coordinates"":[]}"
0_29_11,523.8239319553232,13124,30,constant,"{""type"":""MultiPoint"",""coordinates"":[]}"
0_29_12,700.6974100946038,13134,30,constant,"{""type"":""MultiPoint"",""coordinates"":[]}"
0_29_13,1017.8550349434066,23234,30,constant,"{""type"":""MultiPoint"",""coordinates"":[]}"
0_29_14,3881.50679480802,141234,30,constant,"{""type"":""MultiPoint"",""coordinates"":[]}"
0_30_0,746.9979465495599,211,31,constant,"{""type"":""MultiPoint"",""coordinates"":[]}"
0_30_1,645.2168756932343,212,31,constant,"{""type"":""MultiPoint"",""coordinates"":[]}"
0_30_2,155.66190523413158,213,31,constant,"{""type"":""MultiPoint"",""coordinates"":[]}"
0_30_3,767.8949170966206,214,31,constant,"{""type"":""MultiPoint"",""coordinates"":[]}"
0_30_4,0.22458373767089862,219,31,constant,"{""type"":""MultiPoint"",""coordinates"":[]}"
0_30_5,185.1654652808219,1212,31,constant,"{""type"":""MultiPoint"",""coordinates"":[]}"
0_30_6,129.94821577185047,1213,31,constant,"{""type"":""MultiPoint"",""coordinates"":[]}"
0_30_7,511.6692870401588,1214,31,constant,"{""type"":""MultiPoint"",""coordinates"":[]}"
0_30_8,60.56847090789787,2223,31,constant,"{""type"":""MultiPoint"",""coordinates"":[]}"
0_30_9,462.92323619653035,2224,31,constant,"{""type"":""MultiPoint"",""coordinates"":[]}"
0_30_10,85.10638740100072,2234,31,constant,"{""type"":""MultiPoint"",""coordinates"":[]}"
0_30_11,96.03283120855693,13123,31,constant,"{""type"":""MultiPoint"",""coordinates"":[]}"
0_30_12,880.2560994811819,13124,31,constant,"{""type"":""MultiPoint"",""coordinates"":[]}"
0_30_13,238.79105361877455,13134,31,constant,"{""type"":""MultiPoint"",""coordinates"":[]}"
0_30_14,292.85384999920495,23234,31,constant,"{""type"":""MultiPoint"",""coordinates"":[]}"
0_30_15,1600.7664761305414,141234,31,constant,"{""type"":""MultiPoint"",""coordinates"":[]}"
0_31_0,346.54475193945206,211,32,constant,"{""type"":""MultiPoint"",""coordinates"":[]}"
0_31_1,260.57792055438335,212,32,constant,"{""type"":""MultiPoint"",""coordinates"":[]}"
0_31_2,206.29509158837968,213,32,constant,"{""type"":""MultiPoint"",""coordinates"":[]}"
0_31_3,661.6409174225395,214,32,constant,"{""type"":""MultiPoint"",""coordinates"":[]}"
0_31_4,53.867315667480746,1212,32,constant,"{""type"":""MultiPoint"",""coordinates"":[]}"
0_31_5,138.7649568545537,1213,32,constant,"{""type"":""MultiPoint"",""coordinates"":[]}"
0_31_6,171.82121759143052,1214,32,constant,"{""type"":""MultiPoint"",""coordinates"":[]}"
0_31_7,42.28981851879894,2223,32,constant,"{""type"":""MultiPoint"",""coordinates"":[]}"
0_31_8,239.8158755717166,2224,32,constant,"{""type"":""MultiPoint"",""coordinates"":[]}"
0_31_9,79.96745323083519,2234,32,constant,"{""type"":""MultiPoint"",""coordinates"":[]}"
0_31_10,58.14377927679425,13123,32,constant,"{""type"":""MultiPoint"",""coordinates"":[]}"
0_31_11,281.91701444482163,13124,32,constant,"{""type"":""MultiPoint"",""coordinates"":[]}"
0_31_12,139.08789376019277,13134,32,constant,"{""type"":""MultiPoint"",""coordinates"":[]}"
0_31_13,191.0183338701793,23234,32,constant,"{""type"":""MultiPoint"",""coordinates"":[]}"
0_31_14,791.7040138914813,141234,32,constant,"{""type"":""MultiPoint"",""coordinates"":[]}"
0_32_0,120.73838255694552,211,33,constant,"{""type"":""MultiPoint"",""coordinates"":[]}"
0_32_1,216.83428777355982,212,33,constant,"{""type"":""MultiPoint"",""coordinates"":[]}"
0_32_2,168.24107077563463,213,33,constant,"{""type"":""MultiPoint"",""coordinates"":[]}"
0_32_3,435.9452437578133,214,33,constant,"{""type"":""MultiPoint"",""coordinates"":[]}"
0_32_4,45.04009814099115,1212,33,constant,"{""type"":""MultiPoint"",""coordinates"":[]}"
0_32_5,37.102144533874544,1213,33,constant,"{""type"":""MultiPoint"",""coordinates"":[]}"
0_32_6,53.00877174945068,1214,33,constant,"{""type"":""MultiPoint"",""coordinates"":[]}"
0_32_7,27.701909598815906,2223,33,constant,"{""type"":""MultiPoint"",""coordinates"":[]}"
0_32_8,152.66901125781277,2224,33,constant,"{""type"":""MultiPoint"",""coordinates"":[]}"
0_32_9,47.326284017456054,2234,33,constant,"{""type"":""MultiPoint"",""coordinates"":[]}"
0_32_10,30.350630794677716,13123,33,constant,"{""type"":""MultiPoint"",""coordinates"":[]}"
0_32_11,88.04380579101554,13124,33,constant,"{""type"":""MultiPoint"",""coordinates"":[]}"
0_32_12,34.71609454608158,13134,33,constant,"{""type"":""MultiPoint"",""coordinates"":[]}"
0_32_13,87.39567179650864,23234,33,constant,"{""type"":""MultiPoint"",""coordinates"":[]}"
0_32_14,174.9601811459345,141234,33,constant,"{""type"":""MultiPoint"",""coordinates"":[]}"
0_33_0,490.4966387789313,211,34,constant,"{""type"":""MultiPoint"",""coordinates"":[]}"
0_33_1,305.2285865706175,212,34,constant,"{""type"":""MultiPoint"",""coordinates"":[]}"
0_33_2,1145.101592907103,213,34,constant,"{""type"":""MultiPoint"",""coordinates"":[]}"
0_33_3,2975.0623356713236,214,34,constant,"{""type"":""MultiPoint"",""coordinates"":[]}"
0_33_4,50.41344742712403,1212,34,constant,"{""type"":""MultiPoint"",""coordinates"":[]}"
0_33_5,321.4377753800049,1213,34,constant,"{""type"":""MultiPoint"",""coordinates"":[]}"
0_33_6,527.3445589085082,1214,34,constant,"{""type"":""MultiPoint"",""coordinates"":[]}"
0_33_7,71.49035129327385,2223,34,constant,"{""type"":""MultiPoint"",""coordinates"":[]}"
0_33_8,378.21159932794313,2224,34,constant,"{""type"":""MultiPoint"",""coordinates"":[]}"
0_33_9,938.8149735048239,2234,34,constant,"{""type"":""MultiPoint"",""coordinates"":[]}"
0_33_10,472.9285672187779,13123,34,constant,"{""type"":""MultiPoint"",""coordinates"":[]}"
0_33_11,194.27253842785674,13124,34,constant,"{""type"":""MultiPoint"",""coordinates"":[]}"
0_33_12,1147.0597047053932,13134,34,constant,"{""type"":""MultiPoint"",""coordinates"":[]}"
0_33_13,565.6860163181206,23234,34,constant,"{""type"":""MultiPoint"",""coordinates"":[]}"
0_33_14,1850.835914202972,141234,34,constant,"{""type"":""MultiPoint"",""coordinates"":[]}"
0_34_0,269.523711581177,211,35,constant,"{""type"":""MultiPoint"",""coordinates"":[]}"
0_34_1,238.98511813891594,212,35,constant,"{""type"":""MultiPoint"",""coordinates"":[]}"
0_34_2,146.22783831988403,213,35,constant,"{""type"":""MultiPoint"",""coordinates"":[]}"
0_34_3,1025.2353598865925,214,35,constant,"{""type"":""MultiPoint"",""coordinates"":[]}"
0_34_4,39.38673628192135,1212,35,constant,"{""type"":""MultiPoint"",""coordinates"":[]}"
0_34_5,46.21967090283203,1213,35,constant,"{""type"":""MultiPoint"",""coordinates"":[]}"
0_34_6,290.9760091108826,1214,35,constant,"{""type"":""MultiPoint"",""coordinates"":[]}"
0_34_7,6.832474211914062,2223,35,constant,"{""type"":""MultiPoint"",""coordinates"":[]}"
0_34_8,247.90590390332045,2224,35,constant,"{""type"":""MultiPoint"",""coordinates"":[]}"
0_34_9,55.5107285374144,2234,35,constant,"{""type"":""MultiPoint"",""coordinates"":[]}"
0_34_10,12.456867777954102,13123,35,constant,"{""type"":""MultiPoint"",""coordinates"":[]}"
0_34_11,128.61506462091043,13124,35,constant,"{""type"":""MultiPoint"",""coordinates"":[]}"
0_34_12,134.72286543004873,13134,35,constant,"{""type"":""MultiPoint"",""coordinates"":[]}"
0_34_13,35.127032207763634,23234,35,constant,"{""type"":""MultiPoint"",""coordinates"":[]}"
0_34_14,126.69235331256135,141234,35,constant,"{""type"":""MultiPoint"",""coordinates"":[]}"
0_35_0,375.0234159096066,211,36,constant,"{""type"":""MultiPoint"",""coordinates"":[]}"
0_35_1,351.23419652959905,212,36,constant,"{""type"":""MultiPoint"",""coordinates"":[]}"
0_35_2,279.3834969777181,213,36,constant,"{""type"":""MultiPoint"",""coordinates"":[]}"
0_35_3,949.6312428984313,214,36,constant,"{""type"":""MultiPoint"",""coordinates"":[]}"
0_35_4,76.37807680126936,1212,36,constant,"{""type"":""MultiPoint"",""coordinates"":[]}"
0_35_5,57.98483437078858,1213,36,constant,"{""type"":""MultiPoint"",""coordinates"":[]}"
0_35_6,345.5383845263029,1214,36,constant,"{""type"":""MultiPoint"",""coordinates"":[]}"
0_35_7,13.491460808166503,2223,36,constant,"{""type"":""MultiPoint"",""coordinates"":[]}"
0_35_8,243.1955849068598,2224,36,constant,"{""type"":""MultiPoint"",""coordinates"":[]}"
0_35_9,63.91612057403562,2234,36,constant,"{""type"":""MultiPoint"",""coordinates"":[]}"
0_35_10,20.72564683862305,13123,36,constant,"{""type"":""MultiPoint"",""coordinates"":[]}"
0_35_11,183.65172301220667,13124,36,constant,"{""type"":""MultiPoint"",""coordinates"":[]}"
0_35_12,107.1320864600221,13134,36,constant,"{""type"":""MultiPoint"",""coordinates"":[]}"
0_35_13,26.87355180859374,23234,36,constant,"{""type"":""MultiPoint"",""coordinates"":[]}"
0_35_14,119.0488525491333,141234,36,constant,"{""type"":""MultiPoint"",""coordinates"":[]}"
0_36_0,79.80495179272448,211,37,constant,"{""type"":""MultiPoint"",""coordinates"":[]}"
0_36_1,68.94969464025861,212,37,constant,"{""type"":""MultiPoint"",""coordinates"":[]}"
0_36_2,281.35183344439685,213,37,constant,"{""type"":""MultiPoint"",""coordinates"":[]}"
0_36_3,382.89303856085155,214,37,constant,"{""type"":""MultiPoint"",""coordinates"":[]}"
0_36_4,1.3858246115722683,219,37,constant,"{""type"":""MultiPoint"",""coordinates"":[]}"
0_36_5,18.82177980981449,1212,37,constant,"{""type"":""MultiPoint"",""coordinates"":[]}"
0_36_6,48.76674562414553,1213,37,constant,"{""type"":""MultiPoint"",""coordinates"":[]}"
0_36_7,84.53756309259018,1214,37,constant,"{""type"":""MultiPoint"",""coordinates"":[]}"
0_36_8,7.118803319763188,2223,37,constant,"{""type"":""MultiPoint"",""coordinates"":[]}"
0_36_9,85.31883320086664,2224,37,constant,"{""type"":""MultiPoint"",""coordinates"":[]}"
0_36_10,50.064921227355924,2234,37,constant,"{""type"":""MultiPoint"",""coordinates"":[]}"
0_36_11,12.702927786743162,13123,37,constant,"{""type"":""MultiPoint"",""coordinates"":[]}"
0_36_12,74.6541823082882,13124,37,constant,"{""type"":""MultiPoint"",""coordinates"":[]}"
0_36_13,78.32479746307327,13134,37,constant,"{""type"":""MultiPoint"",""coordinates"":[]}"
0_36_14,23.461444811096204,23234,37,constant,"{""type"":""MultiPoint"",""coordinates"":[]}"
0_36_15,91.9753412500006,141234,37,constant,"{""type"":""MultiPoint"",""coordinates"":[]}"
0_37_0,481.3361307758772,211,38,constant,"{""type"":""MultiPoint"",""coordinates"":[]}"
0_37_1,740.0052532897274,212,38,constant,"{""type"":""MultiPoint"",""coordinates"":[]}"
0_37_2,599.315271689263,213,38,constant,"{""type"":""MultiPoint"",""coordinates"":[]}"
0_37_3,895.0759239636083,214,38,constant,"{""type"":""MultiPoint"",""coordinates"":[]}"
0_37_4,2.3899974658813457,219,38,constant,"{""type"":""MultiPoint"",""coordinates"":[]}"
0_37_5,197.09566954327298,1212,38,constant,"{""type"":""MultiPoint"",""coordinates"":[]}"
0_37_6,233.97919535919107,1213,38,constant,"{""type"":""MultiPoint"",""coordinates"":[]}"
0_37_7,148.23914652453553,1214,38,constant,"{""type"":""MultiPoint"",""coordinates"":[]}"
0_37_8,140.44962922637933,2223,38,constant,"{""type"":""MultiPoint"",""coordinates"":[]}"
0_37_9,327.8503265107408,2224,38,constant,"{""type"":""MultiPoint"",""coordinates"":[]}"
0_37_10,170.40173041217025,2234,38,constant,"{""type"":""MultiPoint"",""coordinates"":[]}"
0_37_11,233.23511716216967,13123,38,constant,"{""type"":""MultiPoint"",""coordinates"":[]}"
0_37_12,183.7522924985347,13124,38,constant,"{""type"":""MultiPoint"",""coordinates"":[]}"
0_37_13,219.54489927673092,13134,38,constant,"{""type"":""MultiPoint"",""coordinates"":[]}"
0_37_14,201.6802843748161,23234,38,constant,"{""type"":""MultiPoint"",""coordinates"":[]}"
0_37_15,814.7598211271362,141234,38,constant,"{""type"":""MultiPoint"",""coordinates"":[]}"
